Business Name,Building,Workers,Category,Information
3lite Limited,"BLDG 77, STE 1313, Brooklyn Navy Yard",20,Architecture & Design,Architectural materials procurement specialist; Satellite office of global company
5TEN,"BLDG 77 STE 1222, Brooklyn Navy Yard 11205",17,"""Hardware, Software, & Design Engineering""","LED Lighting project management, prototyping, and technical execution"
10xBeta,"BLDG 303, STE 801, 807, 808, 809, Brooklyn Navy Yard",45,"""Biotech, Lab, & Medtech""","Simple Smart/Connected Medical Devices, Product Development, Life Sciences, High quantity of prototypes fabricated on-site"
12 Hall Street Storage,,3,,
26 Adar Corp aka Asap Expediting Corp,"BLDG 62 STE 204, Brooklyn Navy Yard 11205",2,Contracting & Construction,Expeditor for architectural buildouts
66s Fusion,"BLDG 120 STE 102, Brooklyn Navy Yard 11205",8,Food & Beverage,"Specialty - Asian, Offices for Flushing Ave restaurant"
"240 Tutoring, Inc.",,3,,"Industry: Services, Artists, & Designers, Sub Industry: Education & Nonprofit

Termination notice as of May 2024."
Abby Lichtman,"BLDG 62 STE 202, Brooklyn Navy Yard 11205",0,,"Industry: Services, Artists, & Designers, Sub Industry: Apparel & Accessory"
Aclima,"BLDG 128, STE n/a Newlab",1,,
Actasys,,1,"""Hardware, Software, & Design Engineering""",Prototyping and manufacturing of ultracompact air blowers
Ada Chen,"BLDG 62, STE 202, Brooklyn Navy Yard",1,Apparel & Accessory,"Jewelry, Small Goods, E-commerce Retail"
Adam Elstein Studio,,2,Fine Art & Photography,"Architectural photographer, Pratt Adjunct Professor"
Adele Kaufman,,1,,
ADL Distributors Corp,"BLDG 77 STE 1019, 1019 A, Brooklyn Navy Yard 11205",2,Other / Professional Services,"Wholesale, Mixed Merchandise?"
Agger Fish Corp,"July lease renewal for BLDG 234 STE 101 + 201.

BLDG 234, 269, 313 STE 101, 101, 101, 201, Brooklyn Navy Yard 11205",1,Food & Beverage,"Fish, Specialty - Monkfish, Event Rental Splace"
AirTulip,,4,,
Alan Dorsey Custom Woodworking,"BLDG 5, STE 302W",1,Fabrication & Custom Installation (Wood & Metal),Woodworking
Alepreda Architecture,"BLDG 77, STE 1239, Brooklyn Navy Yard",1,Architecture & Design,"Building, interiors and furniture design and showcase space"
Algoma,"BLDG 128, STE ",1,"""Hardware, Software, & Design Engineering""",Proptech Software for Zero Emissions Buildings Real Estate Development
"Aligned Food Systems, Inc. dba SIMULATE",,1,Food & Beverage,
All County Business Essentials,"BLDG 292 STE 105, Brooklyn Navy Yard 11205",1,,"Industry: Manufacturers & Distributors, Sub Industry: Transportation"
All-Citi Toner Inc.,"BLDG 77 STE 1112, Brooklyn Navy Yard 11205",0,,"Industry: Manufacturers & Distributors, Sub Industry: Transportation"
Allied Importers,"BLDG 3, STE 202, Brooklyn Navy Yard, Brooklyn NY 11205",8,Food & Beverage,"Wine, Spirits"
Alsop Studios,"BLDG 77 STE 1223, Brooklyn Navy Yard 11205",1,Fine Art & Photography,"Photography, Commercial Art, Product Photography"
Alterlab LLC aka Graph Commons,"BLDG 212 STE 201B, Brooklyn Navy Yard 11205",1,"""Hardware, Software, & Design Engineering""","Software Platform for Data Mapping and Visualization, AI"
Alyson Shotz Studio LLC,,2,Fine Art & Photography,Fine art
Amatec,,1,"Construction,Power & Energy",
AmbienTech,"BLDG 212 STE 407, Brooklyn Navy Yard 11205",1,"""Hardware, Software, & Design Engineering""",Design and Fabrication Lighting Dimmer Connected Software and Devices/Smart Tech
American Heirloom,"BLDG 212 STE 406, Brooklyn Navy Yard 11205",1,,"Industry: Manufacturers & Distributors, Sub Industry: Furniture & Homegoods"
Amogy,"BLDG 74, 212, parking RR3A, STE 101, Outdoor 1 (74); 501 (212); Parking RR3A",20,Power & Energy,"Ammonia Fuel Systems for Shipping and Long-distance Transportation, Zero Emissions, Sustainable"
Anchor Light Productions,"BLDG 77 STE 1018A, Brooklyn Navy Yard 11205",3,Creative Office & Media,"Creative Production Company, Production Talent - Cinematography, Art Direction"
Andrea Rosen Gallery Inc.,"BLDG 280 STE 513, Brooklyn Navy Yard 11205",2,Fine Art & Photography,Artist Rep
Andrew Joshua Meave-Alonso,"BLDG 77, STE 1220",1,Other / Professional Services,Unknown
Anne Ballard Peabody,"BLDG 77 STE 1324A, Brooklyn Navy Yard 11205",1,Fine Art & Photography,"Sculpture, Installation, Drawing, Performance Art"
Anne Collier,"BLDG 280 STE 221, Brooklyn Navy Yard 11205",3,Fine Art & Photography,"Photography, High Profile"
Annie's Ginger Elixir,"BLDG 77 STE 1001, Brooklyn Navy Yard 11205",4,,"Industry: Manufacturers & Distributors, Sub Industry: Food & Bev Production"
AP Distri,"BLDG 77 STE 1112 A, 1131, Brooklyn Navy Yard 11205",1,Other / Professional Services,"Warehousing, Mixed Merchandise?"
Applied Adaptogens aka Nothing Special,"BLDG 128, STE n/a Newlab",1,Food & Beverage,"Non-alcoholic Beverage, Kava"
Appliedxl,"BLDG 128, STE n/a Newlab",0,"""Hardware, Software, & Design Engineering""",AI/Data science; Prototyping & Tech
Aquis Hairsciences Inc,"BLDG 303 STE 803, Brooklyn Navy Yard 11205",1,,"Industry: Manufacturers & Distributors, Sub Industry: Beauty & Personal Care"
Aranda\Lasch,"BLDG 77, STE 1317, Brooklyn Navy Yard",1,Architecture & Design,"Architect, Installations, Product/Object Design"
Arbon,"BLDG 128, STE n/a Newlab",1,Power & Energy,Carbon removal materials; Sustainability 
Arc Manufacturer,,0,,
Architectural Grille,,5,,
Area 1202,"BLDG 280, STE 816",3,Fine Art & Photography,"Photography, Video, Commercial Art, Fashion"
Area Props NYC,"BLDG 77, STE 1111",0,Other / Professional Services,Prop Rental House
Ares Equities,"BLDG 5 STE 101, 102, 602, Brooklyn Navy Yard 11205",2,Printing & Engraving,Printing and Packaging
Armada New York,"BLDG 303 STE 705, 706, Brooklyn Navy Yard 11205",1,,"Industry: Manufacturers & Distributors, Sub Industry: Fabrication & Custom Installation (Wood & Metal)"
Arplast Corp,"BLDG 292 STE 109, Brooklyn Navy Yard 11205",1,,"Industry: Manufacturers & Distributors, Sub Industry: Fabrication & Custom Installation (Wood & Metal)"
Art for Film,"BLDG 303, STE 607, Brooklyn Navy Yard, Brooklyn NY 11205",4,Creative Office & Media,"Art Rental, Printing, and Framing (small-sized, ready-made frames only)"
Art In Construction,"BLDG 3 STE 1011, Brooklyn Navy Yard 11205",3,Fabrication & Custom Installation (Wood & Metal),Plaster Fabrication and Finishing
Arx USA aka 131co aka Helios Trade Corp,Lease terminated in July 2024.,3,,"Industry: Manufacturers & Distributors, Sub Industry: Health Care"
Asa Pingree,"BLDG 131 STE 3S, Brooklyn Navy Yard 11205",1,Furniture & Home Goods,"Sculptural chairs, benches, decor"
Asher Isrealow,"BLDG n/a undeclared sub of unknown tenant STE n/a undeclared sub of unknown tenant, Brooklyn Navy Yard 11205",0,Furniture & Home Goods,Architectural Furniture
Atlantic Logistics Inc.,"BLDG 292, STE 322",1,Transportation,Trucking Company
Atoms Inc,,1,,
Atsuyo Et Akiko,"BLDG 3, STE 314, Brooklyn Navy Yard",1,Apparel & Accessory,"Clothing, Childrens, Jewelry, Bags, Handbags, Decor, E-commerce Retail"
ATZ Trading Inc,"BLDG 120 STE 102, Brooklyn Navy Yard 11205",1,Food & Beverage,Restaurant Supply
Aurate,,2,,
Auto Tech 113,"BLDG 3 STE 1002, Brooklyn Navy Yard 11205",2,Transportation,Auto Device - Mobile Oil Draincart
AV&C,"BLDG 303 STE 804, Brooklyn Navy Yard 11205",7,"""Hardware, Software, & Design Engineering""","Architectural Digital Installations, Experience Design, Interactive, Commercial"
AVO Studio,"BLDG 10 STE ?, Brooklyn Navy Yard 11205",2,Furniture & Home Goods,"Leather & Woven Rugs & Surfaces, E-commerce Retail"
Avol Aerospace,,1,Transportation,"Time-critical shipments of blood, stem cells, tissues, and other urgent products between cities."
Ayo Labs,BLDG 127 STE 201,2,,New tenant lease notice as of March 2024.
B & F Office Equipment,"BLDG ? STE ?, Brooklyn Navy Yard 11205",0,,"Industry: Manufacturers & Distributors, Sub Industry: Food & Bev Production"
B. Stuyvesant Champagne,"BLDG 212, STE 504, Brooklyn Navy Yard, Brooklyn NY 11205",2,Food & Beverage,"Champagne, Wine, E-commerce Retail"
Balarama Heller (Navy Studio Member),"BLDG 50A STE 101, Brooklyn Navy Yard 11205",0,,"Industry: Services, Artists, & Designers, Sub Industry: Fine Art & Photography"
BAM Art Department,"BLDG 77, STE 1234",2,Creative Office & Media,"Production Design, Art Direction, Graphic Design for Film, TV, Commercials, Music Videos"
Barbara Gallucci,"BLDG 30 STE 203, Brooklyn Navy Yard 11205",1,Fine Art & Photography,"Sculpture, Installation, Photography, Design"
Barden LLC,"BLDG 77 STE 1033, Brooklyn Navy Yard 11205",1,Contracting & Construction,"Project Manager, Commercial Construction"
Barnett Spices of NY,"Former address: BLDG 280 STE 505, Brooklyn Navy Yard 11205",1,Food & Beverage,"Herbs, Spices"
Barronarts,"BLDG 280 STE 501, Brooklyn Navy Yard 11205",8,Fine Art & Photography,"Fine Art and Photography Frames, Canvases"
Barry Rust,"BLDG 120, STE 208",2,Furniture & Home Goods,"Woodwork, Banjos, Ukeleles, Small Vessels, Kitchen Goods, E-commerce Retail"
Baton Media,"BLDG 77, STE 1314",1,Creative Office & Media,"Software music collaboration platform for unreleased material, Start-up, Venture-backed"
Bats-Toi,"BLDG 128, STE n/a Newlab",0,,&Apparel & Accessory; Wearables
BEAM Architects aka J Goldman Designs,"BLDG 77, STE 1201, Brooklyn Navy Yard",1,Architecture & Design,"Architect, Residential, Commercial, Interior Design"
Bednark Studio,"BLDG 28 STE 101, Brooklyn Navy Yard 11205",20,Fabrication & Custom Installation (Wood & Metal),Retail & Experiential Fabrication
Ben Thorp Brown,,1,Fine Art & Photography,Photgraphy studio
Benjamin Kapoor Studio LLC,"BLDG 131, STE XX",1,Furniture & Home Goods,"Furniture art pieces - studio creating chairs, sculptures, paintings"
Best Service USA Corp.,"BLDG 3 STE 406, Brooklyn Navy Yard 11205",1,Other / Professional Services,"Warehousing, Mixed Merchandise"
Beth Campbell Studio,"BLDG 3 STE 401, Brooklyn Navy Yard 11205",2,Fine Art & Photography,"Sculpture, Ceramics, Object Work"
Beverly Semmes,"BLDG 120 STE 201, Brooklyn Navy Yard 11205",1,Fabrication & Custom Installation (Wood & Metal),Sculpture
Bien Hecho,"BLDG 3 STE 1110, Brooklyn Navy Yard 11205",1,Fabrication & Custom Installation (Wood & Metal),"Woodworking, Millwork, E-commerce Retail"
Bike New York,"BLDG 3 STE 1009, 1010, Brooklyn Navy Yard 11205",2,Education & Nonprofit,Bike mechanic education for justice involved persons
Biomific,,1,,
Bishop & Pain,"BLDG 77 STE 1234, Brooklyn Navy Yard 11205",0,,"Industry: Services, Artists, & Designers, Sub Industry: Architecture & Design"
BJH Advisors,,2,,
BK Actors Self-Tape,"BLDG 77 STE 1336, Brooklyn Navy Yard 11205",1,Creative Office & Media,"Production Services - Reels, Production Studio Rental, Post Production, Audio & Sound"
Black Square Builders Corp,"BLDG 77 STE 1118, Brooklyn Navy Yard 11205",1,Contracting & Construction,"General Contracting, Project Management, Design-Build"
Blackstock & Weber,"BLDG 77, STE 1119 C, Brooklyn Navy Yard",1,Apparel & Accessory,"Menswear, E-commerce Retail"
Blank Technologies,,1,,
Blueprint Power,"BLDG 77, STE 1015",1,,
Bluestone Lane,"BLDG 77 STE 1012 A, Brooklyn Navy Yard 11205",1,Food & Beverage,"Coffee, E-commerce Retail"
Bmb Sales Associates ,"BLDG 249 STE 101, Brooklyn Navy Yard 11205",2,Contracting & Construction,"Manufacturers Representatives for Plumbing, Heating and Fire Suppression Companies"
BNY Cogen aka Axium Infrastructure,"BLDG 41, STE 101, 102, Brooklyn Navy Yard, Brooklyn NY 11205",9,Power & Energy,Electricity and steam heat generation plant
BNY Construction Inc,"BLDG 3 STE 301, Brooklyn Navy Yard 11205",4,Contracting & Construction,"General Contracting, Woodworking"
Bob & Sons Refinishing,"BLDG 280 STE 601, 602, Brooklyn Navy Yard 11205",3,Furniture & Home Goods,"Restoration, Refinishing, Upholstery, Furniture"
Bonbite,"BLDG 58, STE 1N  Brooklyn Navy Yard 11205",4,Food & Beverage,"Catering, On-site Kitchen, Food Product/Brand Incubator"
Bone Simple Design,"BLDG 212, STE 407, Brooklyn Navy Yard, Brooklyn NY 11205",3,Furniture & Home Goods,Lighting Design and Manufacturing
BotBlox,"BLDG 5, STE 307, Brooklyn Navy Yard, Brooklyn NY 11205",2,"""Hardware, Software, & Design Engineering""","Founded in 2017, UK-based BotBlox has pioneered the world's most tough, ultra-compact hardware to fuel advancements in the field of aerospace, defense, mobile robotics and subsea engineering. Put simply, we aim to create the world's best hardware for Size, Weight, Power and Cost sensitive applications."
"BPL R & D, LLC aka Brower Propulsion Laboratory","BLDG 280 STE 502, 521, Brooklyn Navy Yard 11205",1,"""Hardware, Software, & Design Engineering""","Design and Fabrication for Designers, Engineers, Scientists, and Artists, Specialty - Rapid Prototyping"
Brachs Linen,"BLDG 77 STE 1005, Brooklyn Navy Yard 11205",0,,"Industry: Manufacturers & Distributors, Sub Industry: Furniture & Homegoods"
Brand's Payroll Inc,"BLDG 27 STE 101, 102, 104, Brooklyn Navy Yard 11205",6,Other / Professional Services,Payroll Processing Service
BREAKFAST,"BLDG 303 STE 805, 806, Brooklyn Navy Yard 11205",5,Fine Art & Photography,"Tech Art, Climate"
Brianna Calello,"BLDG 280 STE ?, Brooklyn Navy Yard 11205",1,,"Industry: Services, Artists, & Designers, Sub Industry: Fine Art & Photography"
"Brinks, Inc.","BLDG 700 STE 101, Brooklyn Navy Yard 11205",0,,"Industry: Manufacturers & Distributors, Sub Industry: Transportation"
Broadway Construction Group,,3,,
Brooklinen,"BLDG 212 STE 510, Brooklyn Navy Yard 11205",1,,"Lease amendment extension notice in November 2024. 

Industry: Manufacturers & Distributors, Sub Industry: Furniture & Homegoods"
Brooklyn Artisan Wood Crafts aka Artistic Wood Crafts,"BLDG 3 STE 310, Brooklyn Navy Yard 11205",3,Fabrication & Custom Installation (Wood & Metal),"Woodworking, Carpentry, Handyperson"
Brooklyn Book Bodega,"BLDG 77 STE 407, Brooklyn Navy Yard 11205",2,Education & Nonprofit,"Literacy, Children, Donations"
Brooklyn Clay Industries,"BLDG 62 STE 302, Brooklyn Navy Yard 11205",1,Fine Art & Photography,Pottery Studio
Brooklyn Craftsman,"BLDG 5 STE ?, Brooklyn Navy Yard 11205",1,Fabrication & Custom Installation (Wood & Metal),Woodworking
Brooklyn Grange,"BLDG 3 STE 1105, Roof, Brooklyn Navy Yard 11205",7,Food & Beverage,"Urban Farming, Event Rental Space, Sustainability, Hot Sauce, Retail"
Brooklyn Greenway Initiative,"BLDG 128, STE n/a Newlab",2,Education & Nonprofit,"Contracting & Construction, public space"
Brooklyn Haberdashery LLC,"BLDG 131 STE 3o, Brooklyn Navy Yard 11205",2,,"Industry: Manufacturers & Distributors, Sub Industry: Apparel & Accessory"
Brooklyn Navy Yard Development Corporation aka BNYDC,"BLDG 77, STE 801, Brooklyn Navy Yard, Brooklyn NY 11205",138,,
Brooklyn Roasting Company,"BLDG 123 STE 101, Brooklyn Navy Yard 11205",6,Food & Beverage,"Coffee, Roaster, E-commerce Retail"
Brooklyn Stone & Tile,"BLDG 12 STE 101, Brooklyn Navy Yard 11205",3,,"Industry: Manufacturers & Distributors, Sub Industry: Fabrication & Custom Installation (Wood & Metal)"
Brooklyn Storehouse LLC (formerly Broadwick Group Limited & TCE Presents LLC,"BLDG 293, STE 101, Brooklyn NY",4,,Services and Designers
"Brooklyn Workforce Innovations aka Leap, Inc.","BLDG 92 STE 201, Brooklyn Navy Yard 11205",9,Education & Nonprofit,"Employment Center, Job Training"
Bryson Brodie,"BLDG ? STE ?, Brooklyn Navy Yard 11205",1,Fine Art & Photography,Painting
BTFA Collective,"BLDG 77 STE 1319, Brooklyn Navy Yard 11205",1,Education & Nonprofit,"Arts, LGBTQIA"
Building 131 LLC.,,1,,
Building Diagnostics Robotics,,2,Fabrication & Custom Installation (Wood & Metal),
BVG Digital,"BLDG 77 STE 1321, Brooklyn Navy Yard 11205",1,Fine Art & Photography,Photography equipment storage
C.A.C.C.I,"BLDG 5 STE M1, Brooklyn Navy Yard 11205",0,,"Industry: Services, Artists, & Designers, Sub Industry: Education & Nonprofit"
Cactus Fabrication ,"BLDG 11, STE 101, Mezzanine",5,Fabrication & Custom Installation (Wood & Metal),Retail & Experiential Fabrication
Cadence ONEFive,,1,"""Hardware, Software, & Design Engineering""",Cloud software to accelerate building decarbonization for climate justice
Call-Chef Services aka BK Jerk Mobile,"BLDG  STE , Brooklyn Navy Yard 11205",0,,"Industry: Services, Artists, & Designers, Sub Industry: Food & Bev Retail"
Cameron Martin,"BLDG 275 STE 302, Brooklyn Navy Yard 11205",1,Fine Art & Photography,Digital Painting
Candace Howe Studios,"BLDG 77 STE 1120, Brooklyn Navy Yard 11205",1,Fine Art & Photography,"Photography, Commercial Art, Portraits, Maternity"
Captain and The Fox,"BLDG 58 STE 3A, Brooklyn Navy Yard 11205",2,Creative Office & Media,"Creative Production Company, Commercial, Theatrical, Post Production, Documentary, Platform Design"
Carbion,,1,Power & Energy,
Carbon Bridge,,1,"""Biotech, Lab, & Medtech""","Molecule synthesis
with proprietary compact, highly efficient, direct-gas bioreactor"
Care/Of,"BLDG 77 STE 401, Brooklyn Navy Yard 11205",73,,"Industry: Manufacturers & Distributors, Sub Industry: Health Care"
Carleen Sheehan,"Building 30, Suite 204",0,,"Lease renewal as of July 2024.

No separate account in SF."
Caroline Ongpin ,,1,Printing & Engraving,Lithography printmaking studio for private use and contract printing
Carrie Bilbo Jewelry aka Sweet Caroline   Adornments,"BLDG 62, STE 202, Brooklyn Navy Yard",1,Apparel & Accessory,"Jewelry, E-commerce Retail"
Cartwright New York,"BLDG 3 STE 811, Brooklyn Navy Yard 11205",1,Furniture & Home Goods,Lighting
Casey Sobel aka kcmetalsmithing,"BLDG 62, STE 202, Brooklyn Navy Yard",1,Apparel & Accessory,Jewelry
Cason Latimer Studio,"BLDG 212 STE 506, Brooklyn Navy Yard 11205",1,Fine Art & Photography,"Photography, Video, Commerical Product Photography"
Casual Films,"BLDG 77 STE 902, Brooklyn Navy Yard 11205",2,Creative Office & Media,"Brand Development, Creative Production Company, Commercial, Production Services - Reels, Animation, Satellite office of global firm"
Caswell Studios,"BLDG 131 STE 206, Brooklyn Navy Yard 11205",0,,"Industry: Services, Artists, & Designers, Sub Industry: Fine Art & Photography"
Catbird,"BLDG 77, STE 505, 709, 710, 903, Brooklyn Navy Yard",20,Apparel & Accessory,"Jewelry, E-commerce Retail"
Cecilia Ruiz,"BLDG 62 STE 207, Brooklyn Navy Yard 11205",1,Fine Art & Photography,Illustration
CenturyTech Inc.,"32 Intersection Street,
Hempstead NY",5,Not Applicable,"One-Stop Shop for Plastic Bags Converting Machines, Replacement Parts & Service.	"
Chalet Studio aka Travis Rathbone Studio,"BLDG 303 STE 504, Brooklyn Navy Yard 11205",1,Fine Art & Photography,"Photography, Commercial Art, Product Photography"
Chapter & Verse,"BLDG 77, STE 509; 410 (storage)",1,Furniture & Home Goods,Design & fabrication services
Chapter and Verse,BLDG 77 STE 509,0,,Furniture and design studio
Charline Von Heyl,"BLDG 3, STE 1106",1,Fine Art & Photography,Painting
Charlotta Westergren,"BLDG 62 STE 305, Brooklyn Navy Yard 11205",1,Fine Art & Photography,"Painting, Sculpture"
Chase Office Supply and B&F Office Furniture,"BLDG 3, STE 203, 204 - Confirmed space. ",13,Furniture & Home Goods,New and Used Office Furniture and Supplies
Chelsie Craig,"BLDG 77 STE 1118A, Brooklyn Navy Yard 11205",1,Fine Art & Photography,"Photography, Commercial Art, Product Photography"
Chemfinity Labs,,1,"""Biotech, Lab, & Medtech""",Creating molecularly selective materials that eliminate pollution and circularize natural resources.
Childhood Dreams,"BLDG 275 STE 303, Brooklyn Navy Yard 11205",2,Creative Office & Media,Recording studio and post production facility
Chris Campbell,"BLDG 128 STE X, Brooklyn Navy Yard 11205",0,,"Industry: Services, Artists, & Designers, Sub Industry: Fine Art & Photography"
Circle Studio,"BLDG 212, STE 203",1,Furniture & Home Goods,"Window treatments for residential, commercial, and film clients"
Circumference Products,"BLDG 77 STE 1334, Brooklyn Navy Yard 11205",0,,"Industry: Manufacturers & Distributors, Sub Industry: Beauty & Personal Care"
Citarella,,0,,
City Growers,"BLDG 3 STE 1105, Brooklyn Navy Yard 11205",3,,"Industry: Services, Artists, & Designers, Sub Industry: Education & Nonprofit"
Citywide Ferry,,16,,
Civilian,"BLDG 77, STE 1201, Brooklyn Navy Yard",1,Architecture & Design,"Architect, Residential, Commercial, Interior Design"
Clarapath,"12 Skyline Dr, Hawthorne NY",0,Advanced Manufacturing,"Clarapath is the first US-based company to develop a whole new category of ground breaking healthcare robotics, machine vision & digital automation tools, elevating the standard for hospitals & patients."
Claudio F. D'Alberti,"BLDG 131 STE 3M, 3N, Brooklyn Navy Yard 11205",1,Fine Art & Photography,Painting
Climate Town aka 400 Parts Per Million Productions,"BLDG 77 STE 1012, Brooklyn Navy Yard 11205",10,Creative Office & Media,"Production Company, Content Only, Climate and Comedy"
CLIP,"BLDG 128 at Newlab, Brooklyn Navy Yard, Brooklyn NY 11205",15,Power & Energy,"Clip-on E-bike device, Sustainable"
CLR Therapy Original Canvas Goods,"BLDG 77, STE 1323",1,Apparel & Accessory,"Streetwear, Hand painted apparel"
CO Adaptive,"BLDG 303, STE 603, Brooklyn Navy Yard",3,Architecture & Design,"Architect, Residential, Project Management, Renovation, Sustainability"
COCO + GOOCH aka Dopely + CO,"BLDG 77, STE 1232, Brooklyn Navy Yard",1,Apparel & Accessory,"Pet Clothing and Accessories, E-commerce Retail"
CocoaFiber,,1,"""Biotech, Lab, & Medtech""",
Cohesive Robotics aka Fit to Forge Inc.,"BLDG 128, 131 STE 3V, Brooklyn Navy Yard 11205",2,,"Industry: Manufacturers & Distributors, Sub Industry: Hardware, Software, & Design Engineering"
COI Energy,"BLDG 128, STE n/a Newlab",9,Power & Energy,"Software Platform for Energy Management, Sustainable; Proptech"
Collective Fare / Collective Food Works Inc. ,,2,,
Collector,"BLDG 3 STE 1007, Brooklyn Navy Yard 11205",1,Fabrication & Custom Installation (Wood & Metal),"Product Design, Furniture, Lighting, Sustainability"
Colorway,"BLDG 77 STE 1108, Brooklyn Navy Yard 11205",1,Creative Office & Media,Marketing Agency
Combined Architecture ,,1,Architecture & Design,"Architecture firm, model building"
Common Hill dba. NY Discounts,"BLDG 3, STE 805, Brooklyn Navy Yard",1,Apparel & Accessory,"Selling goods on Amazon, Walmart and eBay"
Conatix,,0,,Came from New Lab.
Conjunction Arts aka Collaborative Urban Sculpture,"BLDG 275 STE 203, Brooklyn Navy Yard 11205",1,Fine Art & Photography,Artist Collective
Constantine Karalis Architect,"BLDG 58, STE 3B, Brooklyn Navy Yard",2,Architecture & Design,"Architect, Residential, Commercial"
Construct Brooklyn,"BLDG 5 STE 501, Brooklyn Navy Yard 11205",6,Contracting & Construction,"Renovation, Contracting and Construction Management, Custom Millwork"
Corridor,"BLDG 77, STE 1320, Brooklyn Navy Yard",6,Apparel & Accessory,"Menswear, +Design, E-commerce Retail"
Cosmopro Corp.,"BLDG 3, STE 302, Brooklyn Navy Yard",1,Beauty & Personal Care,Wholesale of cosmetic goods
Courtney Washington,"BLDG 275, STE 407, Brooklyn Navy Yard",1,Apparel & Accessory,Womenswear
Creative Collaborative Associates aka TubbsArt Studio,"BLDG 5, STE 310",1,Fabrication & Custom Installation (Wood & Metal),Scenic Design
Crew Carbon,,2,"""Biotech, Lab, & Medtech""",CREW technology makes wastewater treatment safer and more efficient while permanently capturing greenhouse gases.
Crye Precision,"BLDG 5, 128, STE (209, 401), (102B, Outdoor), Brooklyn Navy Yard",3,Apparel & Accessory,"Specialty, Military, Luxury"
Curve ID,"BLDG 77, STE 1115, Brooklyn Navy Yard, Brooklyn NY 11205",2,Creative Office & Media,"Product Design, Industrial Design (close relationship with Smart Design)"
Cycle Retrotech,"BLDG 77, STE 1122, Brooklyn Navy Yard",2,Architecture & Design,"Architects, Residential, Commercial, Urban Design, Sustainability"
D.S. & Durga,"BLDG 77, STE 608, Brooklyn Navy Yard",4,Beauty & Personal Care,"Perfume & Perfumed Lotion, Candles, E-commerce Retail"
"Daedalus Design & Production, Inc.","BLDG 127 STE 101, Brooklyn Navy Yard 11205",4,Fabrication & Custom Installation (Wood & Metal),"Scenic Design & Fabrication, Theater"
Dan Roth Studio,"BLDG 77 STE 1009, Brooklyn Navy Yard 11205",1,Fine Art & Photography,Sculpture
DCM Fabrication Inc," Building 280, Suites 503, 506, 507, + 509 Brooklyn Navy Yard 11205",5,Fabrication & Custom Installation (Wood & Metal),"Installation for Artists, Designers, Architects"
"DDG Frameshop aka Donald Gatanic Framing, Inc","BLDG 77 STE 603, Brooklyn Navy Yard 11205",2,,"Industry: Services, Artists, & Designers, Sub Industry: Fine Art & Photography

Only takes appointments."
Dear 55 Inc aka Dear: RIvington,"BLDG 77, STE 1117, Brooklyn Navy Yard",1,Apparel & Accessory,"Wearable Avant Garde, Vintage & Antique, Home Goods, Ceramics"
DECEMBER BOX,"BLDG 5 STE 301, Brooklyn Navy Yard 11205",1,,"Lease terminated as of August 2024.

Industry: Manufacturers & Distributors, Sub Industry: Furniture & Home Goods"
DECODE MFG,"Former address: BLDG 77 STE 1307, Brooklyn Navy Yard 11205",1,,"Sublease terminated in October 2024. 

Industry: Services, Artists, & Designers, Sub Industry: Apparel & Accessory"
Dennis Kardon Studio aka 811 Studio,"BLDG 3 STE 811, Brooklyn Navy Yard 11205",9,Fine Art & Photography,"Painting, Writer & Critic, Sculpture, Multi-Media, Sculpture, High-Profile"
DeVORE FIDELITY aka Box Furniture,"BLDG 280 STE  510, 511, 512, 515, Brooklyn Navy Yard 11205",10,Fabrication & Custom Installation (Wood & Metal),"Custom Speakers, Sound Systems"
dform design,"BLDG 5, STE 302, 311, 317",2,Furniture & Home Goods,Lighting Fixtures and Screens
Dieu Donné,"BLDG 3 STE 602, Brooklyn Navy Yard 11205",8,Education & Nonprofit,Papermaking education and collective
Digital Sense,,1,"""Hardware, Software, & Design Engineering""",AI software
Diode Computers,Newlab - moving to BLDG 303,2,"""Hardware, Software, & Design Engineering""","Custom circuit boards, designed and manufactured with AI
"
DIVISION NYC,"BLDG 507, BLDG 103B",2,,
Division Paper Inc.,"BLDG 3, STE 603",0,Printing & Engraving,Label printing (Yardi description)
DMDC LLC dba Studio Melrose,"BLDG 77, STE 1112A, Brooklyn Navy Yard",1,Architecture & Design,"Furniture design, art warehouse storage"
Dollaride,"BLDG 128, STE n/a Newlab",1,Transportation,
Dollhouse Agency LLC,Building 22 Suite 201,3,Fabrication & Custom Installation (Wood & Metal),Fabrication and staging of consumer projects
Donovan Studios,"BLDG 212 STE 308, Brooklyn Navy Yard 11205",2,Fine Art & Photography,"Sculpture, High-Profile"
Double R Design,,1,Furniture & Home Goods,Interior design and furniture design
Downing Frames,"BLDG 303 STE 506, 507, 508, 509, Brooklyn Navy Yard 11205",5,Fine Art & Photography,Frames
DownTown Products Co Inc,"BLDG 3, STE 1005, Brooklyn Navy Yard",1,Apparel & Accessory,"Bedding articles, light manufacturing and warehousing"
Due North Design Build,,0,,
Duggal Visual Solutions,"BLDG 25, 62, 131, 268, 303, 314, 500, STE 101, outdoor (25); 101 (62); 101A, 101C(131); 101 (268); 604 (303); 101, Outdoor (314); 104, 105 (500)",105,Printing & Engraving,"Printed Materials, Multimedia Installations and Exhibits"
Duke Riley,"BLDG 269 STE 101, Brooklyn Navy Yard 11205",1,Fine Art & Photography,"Sculpture, Mosaic, Multimedia, Performance, High-Profile"
Duo Leasing,"BLDG 58 STE 2B, Brooklyn Navy Yard 11205",1,Transportation,Vehicle Leasing
Dwight Cassin,,1,Fine Art & Photography,Video Production and Sculpture
Eastern Transport Inc. aka Center Point Holding,"BLDG Parking STE Parking, Brooklyn Navy Yard 11205",0,,"Industry: Manufacturers & Distributors, Sub Industry: Transportation"
Easy Aerial,"BLDG 77, 131 STE 610 (77); 203, (131); Parking Space 5, Brooklyn Navy Yard 11205",5,"""Hardware, Software, & Design Engineering""",Military-grade drones for surveillance and inspection
ECCO,"BLDG 212, STE 401, 402,, Brooklyn Navy Yard",4,Apparel & Accessory,"Leather Goods, Footwear, Bags, Handbags, Manufacture high quantity of samples and prototypes on-site, E-commerce Retail"
"Ecogreen Charge aka Priceless Resource, Inc.","BLDG 11 STE 102, Brooklyn Navy Yard 11205",1,Power & Energy,"Engineers, Auditors, Project Managers, manage clean energy solutions and installations, Sustainable"
EcoLogic Solutions,"BLDG 280, STE 410, 417, 418, Brooklyn Navy Yard",6,"""Biotech, Lab, & Medtech""","Cleaning & Industrial Products, Sustainability, B Corp"
Egg Collective,"BLDG 5, 3, STE 502, 806B",6,Furniture & Home Goods,"Tables, Seating, Lighting, Rugs, Storage, Small Home Goods, Designer Rep"
Ehrenfeld Associates,"Former address: BLDG 27 STE 103, Brooklyn Navy Yard 11205",9,,"Lease terminated in August 2024.

Industry: Services, Artists, & Designers, Sub Industry: Other (Mostly Professional Services)"
Elizabeth Kennedy Landscape Architect,"BLDG 275, STE 201, 202, Brooklyn Navy Yard, Brooklyn NY 11205",9,Architecture & Design,"Landscape Architect, Residential, Commercial, Cultural Sites, Historic Preservation"
Elizabeth Yamin,"BLDG 62 STE 203, Brooklyn Navy Yard 11205",1,Fine Art & Photography,"Industry: Services, Artists, & Designers, Sub Industry: Fine Art & Photography"
Ellie Rae Hunter Studio,"BLDG 131, STE 3O",1,Fine Art & Photography,
Emissionsless,"BLDG 128 & Parking Space, STE n/a Newlab",1,,
Emme Essentials,"BLDG 77, STE 1112",1,Furniture & Home Goods,"Home Fragrance, Candles, Non-toxic, E-commerce Retail"
Empire Medical Supplies aka Empire Dental Supplies,"BLDG 3 STE 404, Brooklyn Navy Yard 11205",2,Healthcare,"Dental & Medical Supplies, Some Service and Repair"
Enerknol Inc.,,1,,
Engraved Sign Studio Inc.,"BLDG 280 STE 320, Brooklyn Navy Yard 11205",3,Printing & Engraving,"Fine Engraving, Metals and Plastics, Industrial Use"
Enody,,1,"""Hardware, Software, & Design Engineering""",LED lighting design and manufacturing
Eny Lee Parker,"BLDG 77, STE 1316",1,Furniture & Home Goods,"Spatial (interior) designer of objects, furniture, and lighting; frequent medium: clay"
Eric Forman Studio,"BLDG 128, STE n/a Newlab",4,Fine Art & Photography,Installation
"Estudio Piedras aka Vicente Munoz
  Photography","BLDG 131 STE 208, Brooklyn Navy Yard 11205",1,,"Industry: Manufacturers & Distributors, Sub Industry: Furniture & Homegoods

Lease renewed in July 2024."
Ethan Cook Studio,"BLDG 303 STE 503, Brooklyn Navy Yard 11205",2,Fine Art & Photography,Painting
Ethereal Creative,,1,,
European Arts Design,"BLDG 3, STE 405",1,Furniture & Home Goods,"Tablecloths, Handtowels"
Evan Eisman Company,"BLDG 280, STE 514, 817, 818, Brooklyn Navy Yard, Brooklyn NY 11205",4,Fabrication & Custom Installation (Wood & Metal),"Blast Finishing & Engraving into Art, Architecture, & Design"
Evan Hughes Studio,"BLDG 3, STE 812, 1102A, 1103, 1103A",1,Fabrication & Custom Installation (Wood & Metal),Design and fabrication of furniture and artworks
Evan Z. Crane,"BLDG 3 STE 1104, Brooklyn Navy Yard 11205",2,Furniture & Home Goods,Woodworking & Metal Fabrication
Eve Havlicek & Marco Lopez Arias,"BLDG 30 STE 206, Brooklyn Navy Yard 11205",2,Fine Art & Photography,Drawing
Everstar AI,,1,,
Everyday Group dba Noah Storage,"BLDG 3, STE 206, 308, 311, Brooklyn Navy Yard",2,Beauty & Personal Care,"Food, Beauty, Some Home Goods"
Evtek,,1,,
Examol,"BLDG 128, STE n/a Newlab, Brooklyn Navy Yard",1,"""Biotech, Lab, & Medtech""","Software suite for computational drug discovery with database, workflow, and notebook system; Therapeutics"
Extrapolation Factory,"BLDG 212, STE 201C, Brooklyn Navy Yard",3,Architecture & Design,"Research Studio for Urban Design, Sustainability"
EZA,"Newlab, Brooklyn Navy Yard",2,,"About EZA:

EZA is a cutting-edge startup developing innovative wound healing technology. We're passionate about revolutionizing patient care through advanced solutions and are looking for a creative and enthusiastic Marketing & Social Media Intern to join our team. This is a fantastic opportunity to gain hands-on experience in a fast-paced startup environment and contribute to the growth of a groundbreaking company."
F. Schumacher & Co.,"Former address: BLDG 77, 212 STE 702, 704 (77); 504 (212), Brooklyn Navy Yard 11205",2,Furniture & Home Goods,"Artisanal small-batch
wallpaper and textiles and Design Studio"
Falk-Wallace Woodworking,"BLDG 77, STE 1018",1,Other / Professional Services,
Farmshelf,"Lease terminated in July 2024.

BLDG 280 STE 814, Brooklyn Navy Yard 11205",5,,"Industry: Manufacturers & Distributors, Sub Industry: Hardware, Software, & Design Engineering"
Fastenal,,1,,
Favor Parts,"BLDG 77 STE 1016, 1025, Brooklyn Navy Yard 11205",1,Other / Professional Services,"Event Planning, Themed Events"
Feed Forward aka More Than a Meal,BLDG 58 STE 1,6,Education & Nonprofit,
Ferra Designs,"BLDG 10 STE 101, Brooklyn Navy Yard 11205",9,Fabrication & Custom Installation (Wood & Metal),Architectural Metalwork
Fey Made,"BLDG 77, STE 1006",1,Fabrication & Custom Installation (Wood & Metal),Design and art assembly studio
Fidelity Payment Services,"BLDG 77 STE 501, 510, Brooklyn Navy Yard 11205",5,"""Hardware, Software, & Design Engineering""",Payment Processing Software and Devices (POS Systems)
Fig House Studios,"BLDG 3 STE 808, 809, Brooklyn Navy Yard 11205",2,Fine Art & Photography,"Fine Art Frames, Stretchers, Crates"
"First Response Contracting, LLC","BLDG 275 STE 210, Brooklyn Navy Yard 11205",1,,"Industry: Services, Artists, & Designers, Sub Industry: Contracting & Construction"
Florishop aka Lauren Messelian,"BLDG 5 STE 211, Brooklyn Navy Yard 11205",1,Fabrication & Custom Installation (Wood & Metal),Large-scale Floral & Botanical Fabrication for Fashion Events+
Flowerbox Films LLC,"BLDG 212, STE 205, Brooklyn Navy Yard, Brooklyn NY 11205",2,Fine Art & Photography,Film equipment rental and film studio
FOAM,"BLDG 128, STE n/a Newlab",1,"""Hardware, Software, & Design Engineering""","Geolocation Services; 3x Yard Lab Licenses B 292, 313, 3; former Newlab Member"
Food 52,"Dock 72, 13th Floor",1,,"Food52 is a food and home brand that combines recipes, community content, and a curated shop of kitchen and home goods. "
Ford Smith aka A1 Messenger Service,"BLDG 131 STE 3Q, Brooklyn Navy Yard 11205",1,,"Industry: Services, Artists, & Designers, Sub Industry: Fine Art & Photography"
FotoFoto,"BLDG 131, STE 3U",2,"""Hardware, Software, & Design Engineering""","Upcycled ""disposable"" cameras"
Fraiche,"BLDG 128, STE n/a Newlab",2,"""Hardware, Software, & Design Engineering""",Food Distribution - Newlab
Fram Energy,"BLDG 128, STE n/a Newlab",2,Power & Energy,Software for energy retrofits for rental properties; Sustainability Proptech
Frank C Benson,"BLDG 77, STE 1105",1,Fine Art & Photography,
Freeway Carriers,"BLDG ? STE ?, Brooklyn Navy Yard 11205",1,Transportation,Freight Carrier and Shipper Portal
Frio Controls aka AEF Ice Systems,"BLDG 77 STE 1111C, Brooklyn Navy Yard 11205",1,"""Hardware, Software, & Design Engineering""","Proptech Software, Smart Heat Systems Monitoring"
Fun Corporate Magic,"BLDG 77, STE 1026, Brooklyn Navy Yard, Brooklyn NY 11205",3,Other / Professional Services,"Magician, Event Services"
Funding Forward,"BLDG 77 STE 1221, Brooklyn Navy Yard 11205",1,Other / Professional Services,"Institutional Capital (Govt Programs, Tax Credits+) Consultant"
FutureAir,"BLDG 128 STE ?, Brooklyn Navy Yard 11205",0,,"Industry: Manufacturers & Distributors, Sub Industry: Hardware, Software, & Design Engineering"
G&E Multimedia LLC,"BLDG 77 STE 1211, Brooklyn Navy Yard 11205",1,Creative Office & Media,"Industry: Services, Artists, & Designers, Sub Industry: Creative Office & Media"
Gaetano Pesce,,1,,"Principal of the tenant company noted has passed away and the lease is therefore terminated according to the Termination Clause in the lease amendment. Termination date has changed from 3/31/2024 to 5/31/2024

Industry: Services, Artists, & Designers, Sub Industry: Fine Art & Photography"
Gallery KBNY aka Gallery Restoration,"BLDG 212 STE 301, Brooklyn Navy Yard 11205",3,Contracting & Construction,"Renovation, Residential, Project Management, Design-Build"
Gather,,0,,
Gather Agriculture,,1,Architecture & Design,
GBM Bulk Logistics LLC aka GBM Bulk Transport,"BLDG 131, STE 3E, 3X",1,Transportation,Cement Transport
"GBS Supplies, Inc. aka EZ Sewing","BLDG 3, STE 309, Brooklyn Navy Yard",1,Apparel & Accessory,Industrial Sewing Machine parts and supply
gCreate LLC,,0,,
Gedi Sibony aka the Toothfinder,"BLDG 292 STE 323, Brooklyn Navy Yard 11205",1,Fine Art & Photography,"Sculpture, Painting, High Profile"
General Trademark,"BLDG 77 STE 1019C, Brooklyn NY",2,Fabrication & Custom Installation (Wood & Metal),Light manufacturing
George Laws Weinberg,"BLDG 77 STE 1011a, Brooklyn Navy Yard 11205",1,Fine Art & Photography,Mixed Media
Getty Advance,"BLDG 77 STE 1308, Brooklyn Navy Yard 11205",0,,"Industry: Services, Artists, & Designers, Sub Industry: Other (Mostly Professional Services)"
Gevalia Mikayla Reece,"BLDG 77, STE 1123, Brooklyn Navy Yard",1,Apparel & Accessory,Selling luxury clothing items
GFD Courier Corporation,"BLDG 292 STE 405, 407, Brooklyn Navy Yard 11205",3,Other / Professional Services,Courier Service
Giacomo Beletti,"BLDG 131, STE 3A",1,Creative Office & Media,Cinematographer
Giant Town Productions,"BLDG 292 STE 301a, Brooklyn Navy Yard 11205",1,Creative Office & Media,Production Talent - Production Manager
Giraffe Financial,,1,"""Hardware, Software, & Design Engineering""","Giraffe delivers end-to-end Inflation Reduction Act (""IRA"") tax credit services for taxable and tax-exempt organizations. "
Glenn Ligon Studio aka GKL Studio,"BLDG 212, STE 309",3,Fine Art & Photography,"Sculpture, Installation, Video, Painting, High-Profile"
Globus Cork,,0,,
GMD Enterprises Corp,"BLDG Dry Docks 1,3-6; Pier D STE Dry Docks 1,3-6; Pier D, Brooklyn Navy Yard 11205",40,Transportation,"Ship Repair, Dry Docking, High volume of on-site custom fixture manufacturing"
Go Locker,BLDG 77 (WILL CONFIRM SUITE),3,Other / Professional Services,GoLocker: On demand shipping and package tracking service and lockbox
Gradient,"BLDG 128, STE n/a Newlab",5,Other / Professional Services,Heat Pumps
Greg Chann,"BLDG 5, STE 302",1,Fine Art & Photography,Sculpture
Ground Cloth aka Louisa Thompson,"BLDG 3 STE 314, Brooklyn Navy Yard 11205",1,,"Industry: Manufacturers & Distributors, Sub Industry: Creative Office & Media"
Guilad Office of Design dba Good Office of Design,"BLDG 280 STE 815, Brooklyn Navy Yard 11205",3,Furniture & Home Goods,"Ceramic home goods, Industrial Materials Design Resarch Studio, Sustainable"
Gus Powell aka Sunny Sixteen,"BLDG 280 STE 823, Brooklyn Navy Yard 11205",2,Fine Art & Photography,"Photography, Commercial Art, Fashion, Commercial Director"
Gush aka Social Predictions,"BLDG 77 STE 1109, Brooklyn Navy Yard 11205",1,Creative Office & Media,"Short Content Creator, Event and Creative Production Company"
Gynzy,"Former address: BLDG 77 STE 1302, Brooklyn Navy Yard 11205",1,,"Industry: Manufacturers & Distributors, Sub Industry: Hardware, Software, & Design Engineering"
Haddads Inc,"BLDG Kent Ave Lot STE Kent Ave Lot, Brooklyn Navy Yard 11205",0,,"Industry: Services, Artists, & Designers, Sub Industry: Creative Office & Media"
Haining Made LLC,"BLDG 6, STE 501",1,Furniture & Home Goods,"Woodworking, Lighting, Objects, Small Furniture"
Hans Neumann,"BLDG 280 STE 608, Brooklyn Navy Yard 11205",1,Fine Art & Photography,"Photography, Commercial Art"
Haptic Lab,"BLDG 212 STE 404, Brooklyn Navy Yard 11205",1,Furniture & Home Goods,"Soft Goods, Textiles, Quilts, B Corp, E-commerce Retail"
Hatzolah Incorporated,"BLDG 77 Roof STE Roof, Brooklyn Navy Yard 11205",0,,"Industry: Services, Artists, & Designers, Sub Industry: Other (Mostly Professional Services)"
Headwater Contracting,"BLDG 30 STE 103, Brooklyn Navy Yard 11205",3,Contracting & Construction,General Contracting
Heather Rowe Studio,"BLDG 131 STE 3K, Brooklyn Navy Yard 11205",2,Fine Art & Photography,"Sculpture, Installation"
Hell Yes Design Studio,"BLDG 77 STE ?, Brooklyn Navy Yard 11205",1,,"Industry: Services, Artists, & Designers, Sub Industry: Creative Office & Media"
Herrera Print,"BLDG 77, STE 1022",1,Other / Professional Services,Unknown
HGXDESIGN,"BLDG 77, STE 1303, Brooklyn Navy Yard",1,Architecture & Design,"Architect, Residential, Commercial"
Hip Hop Closet,"BLDG 77 STE 607, Brooklyn Navy Yard 11205",3,Apparel & Accessory,"Clothing, Streetwear, Small Goods, Footwear, makes and/or finishes some products (sheepskin coats) on site, majority of business is distribution, E-commerce Retail"
HITN Inc.,"BLDG 292 STE 108, 202, 211, 301, 405A, 412B, Outdoor 1, Outdoor 2, Roof1, Brooklyn Navy Yard 11205",5,Education & Nonprofit,"Educational TV Programming Distribution, Broadcast Network (1-2 local news shows filmed in-studio), Community and Education programs"
Hodge Inc,"BLDG 128, STE n/a Newlab",0,Other / Professional Services,Food Waste Recycling
Hollow Metal Factory Outlet Inc dba Doormart USA,"BLDG 500 STE ?, Brooklyn Navy Yard 11205",0,Furniture & Home Goods,Door Distributor
Home Record LLC aka Homer,"BLDG 212, STE 306, Brooklyn Navy Yard",6,Apparel & Accessory,"Jewelry, Luxury, Artificial Diamonds, +Design"
Homeio LLC,"BLDG 303, STE 708, Brooklyn Navy Yard",3,Beauty & Personal Care,Dietary Supplements
Honeybee Robotics,"BLDG 128, STE n/a Newlab",0,Advanced Manufacturing,"Industry: Manufacturers & Distributors, Sub Industry: Hardware, Software, & Design Engineering"
Hospitality Openings,"BLDG 292 STE 404, 406, Brooklyn Navy Yard 11205",8,Furniture & Home Goods,Supplier of Hotel Doors and Entryway Hardware
Hub Woodworks,"BLDG 120 STE 210, 211, Brooklyn Navy Yard 11205",1,Fabrication & Custom Installation (Wood & Metal),"Woodworking, Cabinetry"
Hungry House,"BLDG 77 STE Ground Fl, Brooklyn Navy Yard 11205",5,Food & Beverage,"Ghost Kitchen, Featured Chefs, The Market @77, Food Service Only"
Hunter Roberts Construction Group,"55 Water Street
51st Floor
New York NY 10041",4,Contracting & Construction,"Not a yard tenant, Construction Group BNYDC is partnering with for the Wayfinding Project. Learn more here - https://www.hrcg.com/services/ "
HUSH Studios,"BLDG 77 STE 602, Brooklyn Navy Yard 11205",4,"""Hardware, Software, & Design Engineering""","Experience Design, Interactive, Art Direction, Brand Development, Creative Production Company, UI/UX, Software Development"
HXGDESIGN LLC,"BLDG 77 STE 1303, Brooklyn Navy Yard 11205",0,,"Industry: Services, Artists, & Designers, Sub Industry: Architecture & Design"
Hyesu Lee Illustration,"BLDG 62 STE 207a, Brooklyn Navy Yard 11205",2,Fine Art & Photography,"Illustration, Comic Artist"
IA Construction Management ,"BLDG 280 STE 804, Brooklyn Navy Yard 11205",8,Contracting & Construction,"General Contracting, Construction Management, Some Operations/Fabrication at the Yard"
IAfford NY LLC,"Former address: BLDG 77 STE 1315, Brooklyn Navy Yard 11205",1,,"Sublease terminated in November 2024. 

Industry: Manufacturers & Distributors, Sub Industry: Hardware, Software, & Design Engineering"
Ian Salter Studios (Navy Studio Member),"BLDG 50A STE 101A, Brooklyn Navy Yard 11205",0,,"Industry: Services, Artists, & Designers, Sub Industry: Creative Office & Media"
IceStone,,5,,
Ilana Kohn,,0,,"Industry: Manufacturers & Distributors, Sub Industry: Apparel & Accessory

Tenant noted has executed a Surrender Agreement in May 2024."
In Situ Design,"BLDG 77, STE 1011, Brooklyn Navy Yard",2,Architecture & Design,Interior Design
Indulgence-Lab,"BLDG 275 STE 406, Brooklyn Navy Yard 11205",8,,"Industry: Manufacturers & Distributors, Sub Industry: Creative Office & Media"
"Integrated Conservation Resources, Inc.","BLDG 303, STE 606, Brooklyn Navy Yard",9,Architecture & Design,"Architect, Cultural Sites, Renovation, Historical Preservation"
Integrity Electronics,"Former address: BLDG 280 STE 605, Brooklyn Navy Yard 11205",1,,"Industry: Manufacturers & Distributors, Sub Industry: Hardware, Software, & Design Engineering

Sublease terminated in July 2024."
IP Woodwork aka Palo Samko,"BLDG 3 STE 1104, Brooklyn Navy Yard 11205",3,Furniture & Home Goods,Wood Furniture
it'selectric,"BLDG 128, PSPACE7 (Yardlabs) , STE ",2,Power & Energy,EV curbside charger; Yard Labs pilot
Ivy Haldeman,"BLDG 280 STE ?, Brooklyn Navy Yard 11205",1,Fine Art & Photography,Painting
J Gordon Painted Finishes,"BLDG 131 STE 201, Brooklyn Navy Yard 11205",1,Contracting & Construction,Residential Professional Painting
Jack Herzog Art,"BLDG 77 STE 1019 C, Brooklyn Navy Yard 11205",1,,"Industry: Services, Artists, & Designers, Sub Industry: Fine Art & Photography"
Jackie Meier Studio,"BLDG 131 STE 3R, Brooklyn Navy Yard 11205",1,Fine Art & Photography,Painting
Jalapa Jar,"BLDG 77 STE Ground Fl, S 409, Brooklyn Navy Yard 11205",6,Food & Beverage,"Salsa, The Market @ 77, Food Service - Tex Mex, Catering, E-commerce Retail"
Jan P Joachim PC aka Joachim Realty LLC,"BLDG 77 STE 1133, 1134, Brooklyn Navy Yard 11205",1,Other / Professional Services,"Attorney, Canada-US Immigration and Real Estate Specialist"
Jarel Phifer,"BLDG 77, STE 1037",1,Fine Art & Photography,Musician?
Jasco Designs aka Lily Nily,"BLDG 292, STE 327, 328, 329, 330, 331, 332, Brooklyn Navy Yard",7,Apparel & Accessory,"Jewelry, E-commerce Retail"
Jason Krugman Studio,"BLDG 212 STE 201A, Brooklyn Navy Yard 11205",4,Fine Art & Photography,"Sculpture, Lighting"
JayDee Group USA Inc.,"BLDG 292, STE 413, Brooklyn Navy Yard",4,Apparel & Accessory,"Specialty, Construction & Safety Gear & Supplies"
JC CANCEDDA PHOTOGRAPHY,"BLDG 5 STE 210, Brooklyn Navy Yard 11205",1,,"Industry: Services, Artists, & Designers, Sub Industry: Fine Art & Photography"
Jeeves of New York,"BLDG 303, STE 608, Brooklyn Navy Yard",1,Apparel & Accessory,"Dry Cleaning, Tailoring"
JJ Snyder Studio,BLDG 275 STE 205,1,Fine Art & Photography,Interior finishes and murals
JK Practice,"BLDG 77 STE 1316, 1333, Brooklyn Navy Yard 11205",1,,"Industry: Services, Artists, & Designers, Sub Industry: Fine Art & Photography

Lease terminated in August 2024."
JMFW Printing,"BLDG 77, STE 507",1,Printing & Engraving,"Printing, Graphic Design, Printing Services - Large format, digital, uniform, apparel & bags, construction blueprint"
JMS Services NY inc aka Brovvers,"BLDG 3 STE 102, Brooklyn Navy Yard 11205",0,,"Industry: Services, Artists, & Designers, Sub Industry: Other (Mostly Professional Services)"
JNC International,BLDG 3 STE 703,5,Food & Beverage,Snack packaging and distribution.
Joe Andoe,"BLDG 3 STE 309, Brooklyn Navy Yard 11205",0,,"Industry: Services, Artists, & Designers, Sub Industry: Fine Art & Photography"
Joe Bradley Studio,"BLDG 5 STE 204, Brooklyn Navy Yard 11205",2,Fine Art & Photography,"Painting, Commercial Art "
Joel D Bernat,"BLDG 77 STE 1119, Brooklyn Navy Yard 11205",1,Other / Professional Services,"Industry: Manufacturers & Distributors, Sub Industry: Transportation"
Joel Longenecker (& Carleen Sheehan),"Building 30, Suite 202",1,Fine Art & Photography,Painting
John Clement Studio,"BLDG 3 STE 206, Brooklyn Navy Yard 11205",1,Fine Art & Photography,Sculpture
John McDevitt King Studio,"BLDG 120 STE 207, Brooklyn Navy Yard 11205",1,Fine Art & Photography,"Painting, Printmaking, Gemology"
John Shorb,,1,,"Industry: Services, Artists, & Designers, Sub Industry: Fine Art & Photography"
Jon Besch,"BLDG 275 STE 209, Brooklyn Navy Yard 11205",1,,"Industry: Manufacturers & Distributors, Sub Industry: Fabrication & Custom Installation (Wood & Metal)"
Jon Black aka A+,"BLDG 77 STE 1210, Brooklyn Navy Yard 11205",1,Fine Art & Photography,"Architecturally informed Sound Artist, Audio"
Jon Levy-Warren,"BLDG 30 STE 106, Brooklyn Navy Yard 11205",1,Fine Art & Photography,Painting
Joseph Peller Studio aka Dragonfly Studios,"BLDG 5 STE 315, 316, Brooklyn Navy Yard 11205",1,Fine Art & Photography,"Painting, Sculpture, Printmaking"
Joseph Sports,"BLDG 131, STE 3H, Brooklyn Navy Yard",2,Apparel & Accessory,"Clothing, Streetwear"
Juan E Gomez,"BLDG 131 STE 202, Brooklyn Navy Yard 11205",1,Fine Art & Photography,Painting
Juanita Berrio Lesmes and Jose Berrio Lesmes,"BLDG 280, STE 824",2,Fine Art & Photography,"Illustration, Graphic Design"
Juice Groove Films,"BLDG 77 STE 1113, Brooklyn Navy Yard 11205",1,Creative Office & Media,"Creative Production Company, Equipment Rental, Post Production, Production Talent - Cinematography, Commercial, Documentary"
Julia Rommel Studio,"BLDG 77 STE 1209, Brooklyn Navy Yard 11205",1,Fine Art & Photography,Painting
Juliana Cerqueira Leite,"BLDG 77 STE 1011, Brooklyn Navy Yard 11205",3,Fine Art & Photography,Sculpture
Julie Ryan,"BLDG 62 STE 206, Brooklyn Navy Yard 11205",1,Fine Art & Photography,"Painting, Illustration"
Jumbo,"BLDG 128 STE ?, Brooklyn Navy Yard 11205",0,,"Industry: Services, Artists, & Designers, Sub Industry: Furniture & Home Goods"
Justin Paul aka Campos Bags,"BLDG 3, STE 402, Brooklyn Navy Yard",2,Apparel & Accessory,Bags & Handbags
KaiKai Kiki New York,"BLDG 77, STE 1107",2,Fine Art & Photography,Fine Art & Photography
Kaos Kapital Co aka Fydelity,"BLDG 212, STE 206, Brooklyn Navy Yard",3,Apparel & Accessory,"Small Goods, Novelty, Manufacture high quantity of samples and prototypes on-site"
Kara,,1,"""Hardware, Software, & Design Engineering""",AI-powered sustainability risk management and reporting platform for financial institutions and companies.
Karen Schifano Art,"BLDG 280 STE 803, Brooklyn Navy Yard 11205",1,Fine Art & Photography,Painting
Karlas & Emmas Knits AND Accurate Knitting,"BLDG 3, STE 201, Brooklyn Navy Yard",68,Apparel & Accessory,Clothing
Karol Cylwik Woodworking,"BLDG 3 STE 1111, Brooklyn Navy Yard 11205",2,Furniture & Home Goods,Wood Furniture
Kate Quarfordt,"BLDG 77 STE 1102, Brooklyn Navy Yard 11205",1,Fine Art & Photography,"Painting, Collage, Mixed Media"
Kathryn Robinson-Millen Ceramics,"BLDG 131 STE 204, Brooklyn Navy Yard 11205",1,Fine Art & Photography,Sculpture
Keane New York aka Colin Keane Lynch,"BLDG 275, STE 408, Brooklyn Navy Yard",1,Apparel & Accessory,Glass Jewelry
Kelvin Systems Inc. fka Radiator Labs,"BLDG 303, STE 706, Brooklyn Navy Yard, Brooklyn NY 11205",14,Power & Energy,"Radiator Efficiency Devices, Heat Pumps, Sustainable, High volume of prototypes and assembly on-site"
Kestenbaum & Company Inc,"BLDG 77 STE 1221, Brooklyn Navy Yard 11205",0,,"Industry: Services, Artists, & Designers, Sub Industry: Other (Mostly Professional Services)"
KFX Development,,0,,
KFX Technology,"BLDG 77 STE 1204, Brooklyn Navy Yard 11205",2,"""Hardware, Software, & Design Engineering""","Manufacturer of camera remote heads and motorized track systems for Film, TV"
KIC NYC,"BLDG 131, STE 3B, 3C, Brooklyn Navy Yard, Brooklyn NY 11205",2,Apparel & Accessory,"Clothing, Streetwear, Screenprinting, Embroidery, E-commerce Retail"
Kickie Chudikova Studio,"BLDG 128, STE n/a Newlab",1,Fine Art & Photography,"Product Design, Furniture Design"
Kim C Market aka Sulsung Foods,"BLDG 303, STE 709, Brooklyn Navy Yard 11205 Brooklyn NY 11205",3,Food & Beverage,"Specialty - Korean, E-commerce Retail"
Kimmy Quilin,"BLDG 131 STE 3J, Brooklyn Navy Yard 11205",1,Fine Art & Photography,Painting
Kingbridge Cleaners & Tailors,"BLDG 275, STE 101, 209, Brooklyn Navy Yard",5,Apparel & Accessory,"Dry Cleaning, Tailoring"
Kingdom Supercultures aka Imvela Corp,"BLDG 77, STE 907, Brooklyn Navy Yard",3,"""Biotech, Lab, & Medtech""","Bio-based ingredients for supply chains for CPG food, beverage, personal care and beauty industries, Materials Innovation, Sustainability, Life Sciences"
Kings County Distillery,"BLDG 121, 200 STE 101, Outdoor, Brooklyn Navy Yard 11205",6,Food & Beverage,"Whiskey, Distillery, Retail, Event Rental Space, Gatehouses @Sands Street Gate, E-commerce Retail"
Kings County Productions,"BLDG 77 STE 1324C, Brooklyn Navy Yard 11205",2,Creative Office & Media,"Creative Production Company, Production Talent - Cinematography, Editing, Producing"
Kintra Fibers,"BLDG 303, STE 601, Brooklyn Navy Yard",1,"""Biotech, Lab, & Medtech""","Biodegradable Polyester Alternative, Materials Innovation, Sustainability, Life Sciences"
Kirrin Finch,"BLDG 77, STE 1103, 1104, Brooklyn Navy Yard",15,Apparel & Accessory,"Clothing, Suits, Specialty, Menswear for Women, Nonbinary & Trans, Most production in Italy, Founder Speaker, E-commerce Retail"
Kitsby,"BLDG 77 STE 1013, Brooklyn Navy Yard 11205",2,Food & Beverage,"Food Kits, E-commerce Retail"
Kiyan Williams Studio,"BLDG 212 STE 206, Brooklyn Navy Yard 11205",1,Fine Art & Photography,"Industry: Services, Artists, & Designers, Sub Industry: Fine Art & Photography"
Knowledge Futures,"BLDG 128, STE n/a Newlab",0,,
Konsonant Music + Post aka Thoughts in Grey Circles,"BLDG 62 STE 201, Brooklyn Navy Yard 11205",1,Creative Office & Media,"Music composing and supervision for film, TV, and advertising"
Kubota North American Corporation,BLDG 77 STE 403,1,Food & Beverage,"Indoor farming, showroom, and general executive office"
Kyber Labs,128B,1,,
La Rossi Pizza,"BLDG 152 STE 101, Brooklyn Navy Yard 11205",3,Food & Beverage,"Prepared & Frozen, E-commerce Retail"
Laero LLC,,1,"""Hardware, Software, & Design Engineering""",
Lafayette 148 New York,"BLDG 77, STE 802, 1401, 1501, 1502, Brooklyn Navy Yard, Brooklyn NY 11205",9,Apparel & Accessory,"Womenswear, Accessories, Luxury; Manufacture high quantity of samples on-site, most production in China, E-commerce Retail"
Lara Callahan Corp,"BLDG 77 STE 1220 A, Brooklyn Navy Yard 11205",1,Fine Art & Photography,"Photography, Commercial Art, Fashion"
Latewood,"BLDG ? STE ?, Brooklyn Navy Yard 11205",1,Fabrication & Custom Installation (Wood & Metal),Woodworking
Launa Eddy,"BLDG 5 STE 310, Brooklyn Navy Yard 11205",1,Fine Art & Photography,"Sculpture, Painting, Drawing, Sets"
Lauren Shooster Studio,"BLDG 77 STE 1306, Brooklyn Navy Yard 11205",1,,"Industry: Services, Artists, & Designers, Sub Industry: Fine Art & Photography"
Lebogner,"BLDG 3 STE 1006, Brooklyn Navy Yard 11205",1,Transportation,"Auto Accessories Supplier, E-Commerce"
Lectrium,"BLDG 128, STE n/a Newlab",1,Power & Energy,Software; EV Marketplace
Leerform,"182 Stewart Avenue - Brooklyn, New York, 11237

500 Stagg Street - Brooklyn, New York, 11237",4,,"LEERFORM is comprehensive design and fabrication studio dedicated to the creation, preservation, and presentation of cultural objects through innovative materials and techniques.
Our services are tailored to meet the demands of museums, galleries, and artists as they foster connections with their audiences, and cultivate enrichment and engagement with artifacts and art.
With our fully-equipped woodworking and metal fabrication facility, we are uniquely positioned  to offer a diverse range of services, including design, fabrication, installation, and delivery.
LEERFORM takes pride in our adaptability so that the distinctive requirements of our clients are fulfilled. We specialize in delivering top-quality solutions for fabrications, exhibitions, transport, and storage, and our expertise extends to collaborating with contractors, architects, designers, and artists.
Whether a project involves creating custom exhibition furniture, architectural elements, and artwork, or crafting crates, travel frames, and producing casework and pedestals, we collaborate closely with our clients to ensure efficient realization of their vision."
Leeway Home INC.,,0,,
Legacy J Studios,"BLDG 120 STE 206, Brooklyn Navy Yard 11205",1,,"Industry: Services, Artists, & Designers, Sub Industry: Fine Art & Photography"
Lehigh Portland Cement Company,"BLDG Pier K STE Pier K, Brooklyn Navy Yard 11205",0,,"Industry: Manufacturers & Distributors, Sub Industry: Transportation"
Leon & Sons Wine,Lease terminated in July 2024.,0,,"Industry: Manufacturers & Distributors, Sub Industry: Food & Bev Retail"
Leon McKay and Francesca Pecchenino D/B/A Saint Leo,,1,Furniture & Home Goods,
Leopold Strulovic aka City View Blinds,"BLDG 77, STE 1044",1,Furniture & Home Goods,Window treatments?
Light,"BLDG 128, STE 1044",2,"""Hardware, Software, & Design Engineering""",Smartphone/Hardware
Ligorano Reese,"BLDG 30 STE 102, Brooklyn Navy Yard 11205",2,Fine Art & Photography,"Tech Art, Installation, Video, Public Art"
Lil Sweet Treat,"BLDG 77, STE 604",10,Food & Beverage,Candy Importer and Retailer
Linda Tool,,1,,
Lindsay Walt,"BLDG 30 STE 207, Brooklyn Navy Yard 11205",2,Fine Art & Photography,Painting
Lio & Linn,"BLDG 280 STE 415, Brooklyn Navy Yard 11205",0,,"Industry: Manufacturers & Distributors, Sub Industry: Apparel & Accessory"
Liro-Hill,,0,,Real Estate Fellowship placement business
Lit Brooklyn,"BLDG 77 STE 1008, Brooklyn Navy Yard 11205",1,Furniture & Home Goods,"Candles, Non-toxic, E-commerce Retail"
Little Essentials,"BLDG 131, STE 205, Brooklyn Navy Yard, Brooklyn 11205",8,Education & Nonprofit,"Clothing, Maternity and Baby Goods"
Lorna Simpson Studio dba Shewolf Studio,"BLDG 77 STE 904, 905, Brooklyn Navy Yard 11205",3,Fine Art & Photography,"Photography, High Profile"
Lost and Found Props,"BLDG 212 STE 408, 409, 410, Brooklyn Navy Yard 11205",3,Creative Office & Media,Prop Rental House
Lourdes Industries ,"65 Hoffman Avenue, Hauppauge, New York 11788, United States",1,,"Since 1954 Lourdes Industries has been involved in the manufacture of pneumatic, hydraulic, and fuel components. Today Lourdes is a recognized leader in the broad field of fluid control and monitoring devices. Our expertise spans over six decades of support to the aerospace industry. (More on the website)"
Love Conquers All: All Things Fashion and Beauty,"BLDG 131 STE 3A, Brooklyn Navy Yard 11205",1,,"Industry: Services, Artists, & Designers, Sub Industry: Apparel & Accessory"
LRH212 Studio,,1,Creative Office & Media,"We work with emerging and established brands, designers and institutions to connect people, products and ideas."
Luddite Studio,,1,Fine Art & Photography,Art studio
Luxholdups aka Hey Butler LLC,"BLDG 303 STE 605, Brooklyn Navy Yard 11205",4,Furniture & Home Goods,"Small Home Fixtures and Goods, Specialty - Lucite, E-commerce Retail"
M.E. Woodworking Inc.,"BLDG 275 STE 204, Brooklyn Navy Yard 11205",3,Fabrication & Custom Installation (Wood & Metal),"Woodworking, Millwork, Cabinetry"
M&D Installers,"BLDG 500 STE 101, Outdoors, Brooklyn Navy Yard 11205",1,Fabrication & Custom Installation (Wood & Metal),Doors
Made in NY,,2,,
Made in NY Media Center,,1,,
Maison Wireless aka Shopindomix Inc,"BLDG 77 STE 1310, Brooklyn Navy Yard 11205",1,"""Hardware, Software, & Design Engineering""",Buyer and seller of connected devices and accessories
Malin Ericson Studio,"BLDG 77 STE 1208, Brooklyn Navy Yard 11205",0,Creative Office & Media,"Brand Development, Package Design, Exhibition Design, Commercial"
Man Power Trucking,"BLDG 120 STE 214, Brooklyn Navy Yard 11205",1,Transportation,Trucking for interior decorations and antique stores
Manifold Robotics,"BLDG 128, STE n/a Newlab",1,"""Hardware, Software, & Design Engineering""","Drones/Robots, Hardware"
MARCO BAGA Studio,"BLDG 77, STE 1334, Brooklyn Navy Yard",1,Apparel & Accessory,"Bags, Handbags, E-commerce Retail"
Maria Elena Gonzalez aka MEGE Studio,"BLDG 3 STE 1013, Brooklyn Navy Yard 11205",1,Fine Art & Photography,"Sculpture, Installation, Conceptual"
Maribels Sweets,"BLDG 77 STE 1123a, Brooklyn Navy Yard 11205",1,Food & Beverage,"Confectionary, Chocolate, Retail"
Mark Giglio Studio/Carleen Sheehan Studio,"BLDG 30, STE 204",1,Fine Art & Photography,"Decorative Painting, Residential Interiors, Commercial Art"
Mark Uriu Design aka Uriu Nuance,"BLDG 3, STE 408, Brooklyn Navy Yard",1,Architecture & Design,"Interior Design, Residential, Finishes, Artisan Painter Management"
Martine's Wines aka Eight Bottles,"BLDG 77 STE 1010, Brooklyn Navy Yard 11205",1,Food & Beverage,"Industry: Manufacturers & Distributors, Sub Industry: Food & Bev"
Mason Nye Murals,"BLDG 30 STE 101, Brooklyn Navy Yard 11205",2,Fine Art & Photography,"Muralist, Decorative Painting, Commercial and Residential"
Matt Harrington Photography,"BLDG 50A STE 101, Brooklyn Navy Yard 11205",1,,"Industry: Services, Artists, & Designers, Sub Industry: Fine Art & Photography"
Matter Architecture Practice,"BLDG 280, STE 508, Brooklyn Navy Yard",1,Architecture & Design,"Architectural & Urban Design, Exhibition Design, Sustainability"
Matter Made aka Lux & Product,"BLDG 77 STE 606, Brooklyn Navy Yard 11205",0,,"Industry: Manufacturers & Distributors, Sub Industry: Furniture & Homegoods"
Matthew Grandin Custom Fabrication,"BLDG 280 STE 415, Brooklyn Navy Yard 11205",1,Fabrication & Custom Installation (Wood & Metal),Industrial design/Decor
Mattison Millworks,"BLDG 5 STE 303, Brooklyn Navy Yard 11205",1,Fabrication & Custom Installation (Wood & Metal),Energy-Efficient; Windows; Doors
Max Amato LLC,BLDG 77 STE 1224,1,Creative Office & Media,Graphic Design Studio
Melissa Dubbin & Aaron S. Davidson Studio,"BLDG 3 STE 409, Brooklyn Navy Yard 11205",1,Fine Art & Photography,"Scuplture, Conceptual, Biological and Mechanical Materials"
Melissa Wagner aka Wagner Creative,"BLDG 30, STE ",0,Fine Art & Photography,Artist Studio & Boutique marketing agency - focus on women & design
Metafactory,"BLDG 77 STE 1307, Brooklyn NY",1,,"New GBMI subtenant in November 2024. 

Storage and fulfillment.	"
Metalform Studio,"BLDG 280 STE 409, 611, 612, 613AA, 616, 617, 618, 619, 620, Brooklyn Navy Yard 11205",2,Fabrication & Custom Installation (Wood & Metal),Architectural Metalwork
Method Media,"BLDG 77 STE 1321, Brooklyn Navy Yard 11205",1,Creative Office & Media,"Creative Production Company, Production Talent - Cinematography, Editing, Producing"
MFactory,"147 41st Street
Brooklyn NY 11232",5,,Produces eyeglasses. Off the Yard. CNC trainings.
Michael Asente,"BLDG 30 STE 205, Brooklyn Navy Yard 11205",1,,"Industry: Services, Artists, & Designers, Sub Industry: Fine Art & Photography

Tenant noted executed a Lease Renewal in June 2024 with Monique Luchetti."
Michael H Berkowitz,"BLDG 275, STE 410",1,Apparel & Accessory,"Lease amendment (renewal & extension) notice in September 2024.

Industry: Services, Artists, & Designers, Sub Industry: Apparel & Accessory"
Michelle Green Sculpture aka Metal Fabrication,"BLDG 280 STE 613, Brooklyn Navy Yard 11205",1,Fine Art & Photography,"Sculpture, Metalwork, Welding"
Michelle Rosenberg Design,"BLDG 280 STE 610, Brooklyn Navy Yard 11205",1,Fine Art & Photography,"Sculpture, Object Work"
MILFDAD,"BLDG 77, STE 1307, Brooklyn Navy Yard",1,Apparel & Accessory,"Shipping and receiving, clothing brand storage and office, photography"
Millie Benson Projects,"BLDG 77 STE 1304, Brooklyn Navy Yard 11205",1,Fine Art & Photography,Painting
Mimic,"BLDG 128, STE n/a Newlab",1,,
Minku Kim Studio,"BLDG 77 STE 1206, Brooklyn Navy Yard 11205",1,Fine Art & Photography,"Painting, Sculpture, Themes - Abstraction"
Mira Intel,,1,Power & Energy,
Miroslava Romanova,"BLDG 275 STE 210B, Brooklyn Navy Yard 11205",1,,"Industry: Services, Artists, & Designers, Sub Industry: Fine Art & Photography"
Mirror Physics,Building 128/Newlab ,1,"""Hardware, Software, & Design Engineering""",Newlab subtenant 
Mixed by Nasrin,"BLDG 77, STE 1212, Brooklyn Navy Yard",1,Apparel & Accessory,"Womenswear, +Design, Manufacture high quantity of samples on-site, most production in India, E-commerce Retail"
Mochanson Corp,"BLDG 77 STE 1019 A, Brooklyn Navy Yard 11205",0,,"Industry: Services, Artists, & Designers, Sub Industry: Other (Mostly Professional Services)"
Mock Studio,BLDG 77 STE 1373,2,Fabrication & Custom Installation (Wood & Metal),Furniture design and fabrication
Modern Plastic Bags Mfg. Corp.,,0,,
Modos Furniture,"BLDG 128, STE n/a Newlab",1,,"Industry: Manufacturers & Distributors, Sub Industry: Furniture & Homegoods"
Mojo Wang Illustration,"BLDG 62 STE 207c, Brooklyn Navy Yard 11205",1,Fine Art & Photography,"Illustration, Comic Artist"
Mondo Cane aka Patrick Parrish Gallery,"BLDG 77 STE 1205, Brooklyn Navy Yard 11205",1,Fine Art & Photography,Aritist Rep
Monique Luchetti,"BLDG 30 STE 205, Brooklyn Navy Yard 11205",1,,"Industry: Services, Artists, & Designers, Sub Industry: Fine Art & Photography

Tenant noted executed a Lease Renewal in June 2024 with Michael Asente."
MoNoCo Design,"BLDG 62 STE 302, Brooklyn Navy Yard 11205",1,Fine Art & Photography,"Ceramics, E-commerce Retail"
Moonland.tv aka Iscaro's Moon Land LLC.,"BLDG 77 STE 1335, Brooklyn Navy Yard 11205",1,Creative Office & Media,"Creative Production Company, Commercial, Post Production, Production Talent - Editing, Producing, Post"
Mothership Materials,,1,"""Biotech, Lab, & Medtech""","We transform agricultural waste into 80% of the world’s essential ingredients, fuels, and feedstocks—unlocking biomaterial possibilities for every industry."
Mullin Studio Brooklyn ,"BLDG 58 STE 2A, Brooklyn Navy Yard 11205",1,Creative Office & Media,"Set design and styling, Custom small-scale fabrication, 3D milling, 3D printing, laser cutting, vinyl printing, casting, graphic design, decorative painting"
Muve Media,,4,,
Myrna Gordon Sculpture,"BLDG 131 STE 204, Brooklyn Navy Yard 11205",2,Fine Art & Photography,"Sculpture, Ceramics"
MZ Woodwork Inc.,"BLDG 3 STE 1007, Brooklyn Navy Yard 11205",3,Fabrication & Custom Installation (Wood & Metal),"Woodworking, Cabinetry & Millwork"
"N Y C Energy, LLC/ SEF INDUSTRIES","BLDG Berth 20B STE Berth 20B, Brooklyn Navy Yard 11205",1,,"Industry: Manufacturers & Distributors, Sub Industry: Power & Energy"
Nadia Belalia,"BLDG 280 STE 415, Brooklyn Navy Yard 11205",1,Fine Art & Photography,"Object Work, Sculpture, Lighting"
Nancy Bowen Studio,"BLDG 30 STE 105, Brooklyn Navy Yard 11205",5,Fine Art & Photography,"Scuplture, Drawing, Public Art"
Nanotronics Industrial LLC aka CubeFabs,"BLDG 20, 303 STE 101, Outdoor (B20); 609 (B303), Brooklyn Navy Yard 11205",18,"""Hardware, Software, & Design Engineering""",Automated optical microscopy inspection systems with applications across advanced industry and manufacturing
Naomi Katz Plotkin,"BLDG 280 STE 613, Brooklyn Navy Yard 11205",1,Fine Art & Photography,Drawing
Natalie Frank Studio,"BLDG 77 STE 1216, Brooklyn Navy Yard 11205",1,Fine Art & Photography,"Painting, Sculpture, Paper"
National Elevator Cab & Door Corp.,"BLDG 12, 22, STE 101 (12B); 101, 201 (B20)",7,Fabrication & Custom Installation (Wood & Metal),Elevator Cabs
Naturisme Cosmetics,"BLDG 275, STE 210, Brooklyn Navy Yard",0,Beauty & Personal Care,Product development and small unit production of cosmetics
Navy Studio LLC,"Former address: 
BLDG 50A STE 101, Brooklyn Navy Yard 11205",0,,"Lease terminated in October 2024. Industry: Services, Artists, & Designers, Sub Industry: Fine Art & Photography"
Near Space Labs aka Swiftera,"BLDG 77 STE 1301, Brooklyn Navy Yard 11205",5,"""Hardware, Software, & Design Engineering""","High Resolution Geospatial Imaging using Zero-Emissions Atmospheric Robots, Technology Design and Development on-site"
Neon Lucid Dreams aka J Clyde,"BLDG 77, STE 1227",1,Fine Art & Photography,Artist Rep
New Lab Beta LLC,,2,,
New System Ventures,"BLDG 128, STE n/a Newlab",1,,"Industry: Services, Artists, & Designers, Sub Industry: Other (Mostly Professional Services)"
New York Art Conservation,"BLDG 77 STE 906, Brooklyn Navy Yard 11205",1,Fine Art & Photography,"Conservation, Restoration"
New York Civic Engagement,"BLDG Parking STE Parking, Brooklyn Navy Yard 11205",0,,"Industry: Services, Artists, & Designers, Sub Industry: Education & Nonprofit"
New York Decks aka Terry Designs,"BLDG 120 STE 209, 212, 213, 215, Brooklyn Navy Yard 11205",19,Contracting & Construction,"Wooden Decks, Terraces, Specialty"
New York Sand & Stone LLC,"BLDG Pier-J STE Pier J, Brooklyn Navy Yard 11205",0,,"Industry: Manufacturers & Distributors, Sub Industry: Transportation"
Newlab,"BLDG 128, STE 101A, Brooklyn Navy Yard, Brooklyn 11205",17,Other / Professional Services,"Deep Tech and Climate Tech Incubator, On-site prototyping"
Next Step Lab,"BLDG 212, STE 307, Brooklyn Navy Yard",3,Beauty & Personal Care,"Chemical Formulations for Hair Care, Body Care, Face Care, Cosmetics, Sunscreen"
Nextiles,"BLDG 128, STE n/a Newlab",2,"""Hardware, Software, & Design Engineering""",Materials Innovation; Performance Tech; Fabric
Nick Golebiewski,"BLDG 280 STE 610, Brooklyn Navy Yard 11205",1,Fine Art & Photography,"Illustration, Painting"
Nicole Cherubini,"BLDG 120 STE 201, Brooklyn Navy Yard 11205",7,Fine Art & Photography,Sculpture
Nigel Thomas,"BLDG 77, STE 1125",1,Other / Professional Services,GoLocker: On demand shipping and package tracking service and lockbox
NOM Media,,1,,
Norbert Health,"BLDG 128, STE n/a Newlab, Brooklyn Navy Yard",0,"""Biotech, Lab, & Medtech""",Vital Signs Scanner
Nova Concepts Inc.,,1,,
Numina,"BLDG 128 STE ?, Brooklyn Navy Yard 11205",1,,"Industry: Manufacturers & Distributors, Sub Industry: Hardware, Software, & Design Engineering"
NV Woodwork Corp,"BLDG 10 STE 101, Brooklyn Navy Yard 11205",1,Fabrication & Custom Installation (Wood & Metal),Woodworking
NYC Ferry,,8,,
Nycap3d,"BLDG 128, STE n/a Newlab",1,"""Hardware, Software, & Design Engineering""","AR/VR/XR production, CGI animation"
nycreative LLC aka Tracy Wuischpard,"BLDG 30 STE 106, Brooklyn Navy Yard 11205",5,Fine Art & Photography,Painting
NYOrtho aka NY Orthopedic USA,"BLDG 280 STE 702, Brooklyn Navy Yard 11205",5,Healthcare,"Safety, positioning, pressure relief, and erogonomic products for rehab and wheelchair use"
Oasis Interiors,"BLDG 30, STE 104",1,Contracting & Construction,"Project Management, Design-Build, Residential, Light Commercial"
Oddly Good Studio aka Noon Nook,"BLDG 77, STE 1001A",2,Fabrication & Custom Installation (Wood & Metal),"Fabrication and Planning for Designers and Artists (collaborate with Gaetano Pesce, Supermouse Studio)"
Ojas,"BLDG 5 STE 307, 309, Brooklyn Navy Yard 11205",2,Furniture & Home Goods,"Audio Equipment, Speakers, Manufacturing through modification, Audiophile distribution"
One Community,"BLDG 3 STE 312, Brooklyn Navy Yard 11205",1,Education & Nonprofit,Food Pantry
One Dapper Street,"BLDG 77 STE 1111, Brooklyn Navy Yard 11205",0,,"Industry: Services, Artists, & Designers, Sub Industry: Other (Mostly Professional Services)"
OpenSuit,"BLDG 212, STE 201",1,Apparel & Accessory,
Optique Elegance,"BLDG 3, STE 403",1,,"Eyeglass Prototyping & E-commerce (Shipping, and Warehousing)"
Ori Living,"BLDG 212 STE 403, Brooklyn Navy Yard 11205",7,Furniture & Home Goods,"Design and prototyping of robotic furniture and systems for interiors, Satellite office of national firm"
Osprey Studio,"BLDG 131 STE 3D, Brooklyn Navy Yard 11205",2,Furniture & Home Goods,"Ceramic Goods, Furniture Design and Architect, Sustainable"
Outloud,,1,Fine Art & Photography,Art studio
Outsnapped.com,"BLDG 280 STE 419, Brooklyn Navy Yard 11205",1,"""Hardware, Software, & Design Engineering""","Design and fabrication of custom photo booths and software, Photo Booth Rentals for Events"
Packaging Plus USA,,1,Food & Beverage,Packaging supply warehousing
Pagani Studio,"BLDG 280 STE 810, Brooklyn Navy Yard 11205",2,Furniture & Home Goods,Lighting Fixtures
Pamela Talese Studio,"BLDG 62 STE 304, Brooklyn Navy Yard 11205",1,Fine Art & Photography,Painting
Path Place Architecture PC,"BLDG 77, STE 1203, Brooklyn Navy Yard",1,Architecture & Design,"Architect, Renovations, Interiors, Residential"
Patina Studios,"BLDG 3 STE 601, Brooklyn Navy Yard 11205",3,,"Industry: Manufacturers & Distributors, Sub Industry: Furniture & Homegoods"
Patrick Shoemaker,"BLDG 77 STE 1224A, Brooklyn Navy Yard 11205",1,Fine Art & Photography,Painting
Patten Studio aka D Plus I,"BLDG 77; 280, STE 1219 (77-GBMI); 505 (280)",3,,"Industry: Services, Artists, & Designers, Sub Industry: Creative Office & Media"
Pattes de Mouche,"BLDG 62 STE 207b, Brooklyn Navy Yard 11205",1,Fine Art & Photography,"Illustration, Childrens Books"
Paul Betts / Paul That's Electrical,,0,,
Paul Campbell Studio,"BLDG 5 STE 202, Brooklyn Navy Yard 11205",2,Fine Art & Photography,Painting
Paula Rubenstein,"BLDG 275 STE 401, Brooklyn Navy Yard 11205",2,Furniture & Home Goods,"Sales and Restoration, Textiles and Small Antiques"
Pave Motors,"BLDG 303 STE 502, Brooklyn Navy Yard 11205",4,Power & Energy,"E-Bikes, Motorcycles, Sustainable"
PB Paints,"BLDG 280 STE 822, Brooklyn Navy Yard 11205",2,Contracting & Construction,Professional Paint and Plaster
PDI ,"400 Chestnut Ridge Road, Woodcliff Lake, NJ 07677",2,"Fabrication & Custom Installation (Wood & Metal),Industrial","PDI is dedicated to leading the fight against preventable infections in healthcare, foodservice and our communities. Driven by a commitment to research, quality and service, PDI provides innovative products, educational resources, training and support to help prevent infection transmission and promote health and wellness."
Peter M Murray INC ,"BLDG 77, STE 1211",1,Creative Office & Media,Writing studio for music composer for film and television
Pettibone Design,"BLDG 77, STE 1011 C, Brooklyn Navy Yard",1,Architecture & Design,"Architect, Interior Design, Design-Build, Project Management"
pH7 Natural Beauty Inc,"BLDG 77 STE 1111A, Brooklyn Navy Yard 11205",1,,"Nail Care, Hand and Foot Care Products, Non-toxic, E-commerce Retail"
Physical Synthesis,"BLDG 128, STE n/a Newlab",0,"""Hardware, Software, & Design Engineering""",Rapid prototyping (RDFM) for sound design products
PiccoliNY,"BLDG 3, STE 1100, Brooklyn Navy Yard",1,Apparel & Accessory,"Clothing, Childrens, Novelty, Small Goods, +Design, E-commerce Retail"
Picture Farm,"Previous address: BLDG 77 STE 506, Brooklyn Navy Yard 11205",11,,"Lease terminated in June 2024.

Industry: Services, Artists, & Designers, Sub Industry: Creative Office & Media"
Pink Rooster AND Milky Way Studio,"BLDG 77 STE 1119 A, Brooklyn Navy Yard 11205",1,Fabrication & Custom Installation (Wood & Metal),Large-scale Fabrication for Retail and Events
Pinky Swear,,1,"Food & Beverage,Fine Art & Photography",Hospitality	
Pizza Yard,"BLDG 77 STE 107, Brooklyn Navy Yard 11205",2,Food & Beverage,"Specialty - Pizza, The Market @77, Food Service Only"
Plantaer,"BLDG 131, STE 210, Brooklyn Navy Yard",1,Architecture & Design,Production of architectural concrete products
Pliant Energy Systems LLC,"BLDG 280 STE 614, Brooklyn Navy Yard 11205",1,"""Hardware, Software, & Design Engineering""","Design and Prototyping of Underwater Robot for Aquatic Monitoring, Renewable Energy Research, Yard Labs Pilot"
Podium Automation,"19 Morris Avenue
Brooklyn, NY ",3,Fabrication & Custom Installation (Wood & Metal),"Manufacturers customized control panels for industrial automation
"
Poise NYC,"BLDG 77 STE 1229, Brooklyn Navy Yard 11205",2,,"Industry: Services, Artists, & Designers, Sub Industry: Creative Office & Media"
Ponto Care,"BLDG 128, STE n/a Newlab",1,Healthcare,"Medical, Exams"
Popwheels,"BLDG 128, STE n/a Newlab",3,Power & Energy,Software-enabled e-bike public battery cabinet charging; Sustainability
Poritz & Studio,"BLDG 77 STE 1020, Brooklyn Navy Yard 11205",2,Furniture & Home Goods,"Wood Furniture, Ceramics, Sculpture, E-commerce Retail"
Posterfix Corp,"BLDG 77 STE 1101, Brooklyn Navy Yard 11205",1,Fine Art & Photography,"Restoration, Conservation, Poster Art, E-commerce Retail"
Potion Design - HyperQuake ,"BLDG 77 STE 1312, Brooklyn Navy Yard 11205",1,"""Hardware, Software, & Design Engineering""","Experience Design, Interactivity, AR, VR"
Precision Gears,"College Point, NY",1,,
Precision X Group,"78 Brookside Rd., Waterbury, CT 06708",2,,"PrecisionX Group is a leading provider of precision metal components, serving critical industries such as aerospace & defense, medical devices, satellite & space, electric vehicles, mining, and semiconductors. By uniting the specialized expertise of GEM, Coining, National Manufacturing, Ditron, and MSK Precision Products, we offer a comprehensive range of advanced manufacturing solutions."
Prior Pictures,"BLDG 77, STE 1214",1,Fine Art & Photography,Photography
Propel-LI Electric Bikes,,1,,
Prospect Woodworks,"BLDG 5 STE 304, 306, Brooklyn Navy Yard 11205",3,Fabrication & Custom Installation (Wood & Metal),"Woodworking, Custom Residential, Cabinetry and Millwork"
Protospark LLC,"63 Flushing Avenue
BLDG 275, STE 405
Brooklyn, NY  11205",2,Fabrication & Custom Installation (Wood & Metal),Rapid prototyping
Pull City aka Apeman Technologies,"BLDG 128 STE ?, Brooklyn Navy Yard 11205",2,Other / Professional Services,B2B Platform for Campuses; Inventory Management Software
Quickreturn aka Veho,,0,,"Industry: Manufacturers & Distributors, Sub Industry: Transportation

Termination notice sublease as of May 2024."
Qunnect,"BLDG 77, 303 STE 1110, 1129 (77); 701 (303), Brooklyn Navy Yard 11205",3,"""Hardware, Software, & Design Engineering""",Hardware and Device Suite to enable Quantum Networking
R & CO.,"BLDG 5, STE 601, Brooklyn Navy Yard, Brooklyn 11205",9,Architecture & Design,Artist Rep
R&M Santoli Landscape Inc,,1,Other / Professional Services,Landscaping business
Radical AI,"BLDG 20 , Suite 101",1,Advanced Manufacturing,"Radical AI is accelerating materials R&D. Through the integration of artificial intelligence, engineering, materials science, and applied research"
Rafael Ramirez,"Building 62, Suite 301",1,Fine Art & Photography,"Sculpture, Painting, Product Photography, Lighting Fixtures"
Ralph Summers aka Block Society Media,"BLDG 77 STE 1039, Brooklyn Navy Yard 11205",1,Fine Art & Photography,"Commercial Art, Photography, Graphic Design"
RE Tax Service,"BLDG 77 STE 1322, Brooklyn Navy Yard 11205",1,Other / Professional Services,Real Estate Tax Consultant
Re-Nuble,"BLDG 128, STE n/a Newlab",1,Food & Beverage,Hydroponic food supplies & mats; Sustainability
Rebel Designs,"BLDG 77, STE 708, Brooklyn Navy Yard",2,Apparel & Accessory,"Jewelry, E-commerce Retail"
Recycletek,"BLDG 128, STE 1",2,,Business originating from New Lab.
Red Door Offices,"Former address:
BLDG 77, STE 1116",1,,"Termination notice of sub-lease in October 2024.	

Sublease of GBMI 77."
Red Summer TV,"BLDG 77 STE 1121, Brooklyn Navy Yard 11205",1,Creative Office & Media,"Creative Production Company, Production Studio Rental, Music Videos, Commercial"
Reed + Rader,"BLDG 77 STE 1224 C, Brooklyn Navy Yard 11205",1,Creative Office & Media,"Industry: Services, Artists, & Designers, Sub Industry: Creative Office & Media"
Reelarc,"BLDG 77 STE 1311, Brooklyn Navy Yard 11205",1,Creative Office & Media,"Production Services - Reels, Brand Development"
Reem Plumbing & Heating Corp.aka Thermomechanics Corp.,"BLDG 5, 58 STE 205 (B5); B (B58), Brooklyn Navy Yard 11205",7,Contracting & Construction,"Metal Fabrication, Industrial Pipefitting, Plumbing and Heating Repair and Maintenance"
Reflex Robotics aka Timeback,"BLDG 77, STE 503",4,"""Hardware, Software, & Design Engineering""","Robotics, Humanoid"
Refoundry,"BLDG 212 STE 6794, Brooklyn Navy Yard 11205",2,,"Industry: Services, Artists, & Designers, Sub Industry: Education & Nonprofit"
Renovate Robotics,"BLDG 3 STE 604, Brooklyn Navy Yard 11205",2,"""Hardware, Software, & Design Engineering""","Robotics for Roof Installation, Solar"
Replit,"BLDG 77 STE 1123 C, Brooklyn Navy Yard 11205",1,"""Hardware, Software, & Design Engineering""",AI-Enabled Software Development Platform
Resolution Audio Video dba Stereobuyers,,1,Other / Professional Services,"Design and install smart home systems. Buy, sell and restore vintage hifi equipment. Manufacture audio cables."
ReThink Food,,0,,
Revel Transit,,0,,
Reversible Destiny Foundation,"BLDG 212 STE 505, Brooklyn Navy Yard 11205",2,Fine Art & Photography,"Artist Rep (Shusaku Arakawa and Madeline Gins), Foundation"
Revivn,"BLDG 77, STE 208, 404, 601, 605, 701",5,"""Hardware, Software, & Design Engineering""","Electronics Recycling and Refurbishment, B Corp, Founder Speaker"
Robert Kalka Custom Woodworking,"BLDG 5 STE 310, Brooklyn Navy Yard 11205",1,Fabrication & Custom Installation (Wood & Metal),"Cabinets, Doors"
Robert Martin Designs INC,"BLDG 280 STE 220, 223, Brooklyn Navy Yard 11205",1,Furniture & Home Goods,Wood Furniture
Robin Sacks Decorative Painting,"BLDG 131 STE 3I, 3J, Brooklyn Navy Yard 11205",1,Fine Art & Photography,"Decorative Painting, Residential Interiors, Commercial Art"
Roboto NYC,,0,,
RockPaperRobot,"BLDG 128, STE n/a Newlab",1,Furniture & Home Goods,Chairs
Ron Baron Studio,"BLDG 131 STE 207, Brooklyn Navy Yard 11205",3,Fine Art & Photography,"Sculpture, Ceramics"
"Rooftop Reds aka Point of the Bluff
 Vineyards","BLDG 275 STE Roof, Brooklyn Navy Yard 11205",2,Food & Beverage,"Industry: Services, Artists, & Designers, Sub Industry: Food & Bev Retailx"
Rose Solomon Co.,"BLDG 120, STE 101, Brooklyn Navy Yard",2,Apparel & Accessory,"Specialty, Jewish Funerary"
Royal Supply Company,"BLDG 3 STE 101, Brooklyn Navy Yard 11205",2,Other / Professional Services,"Wholesale, Mixed Merchandise"
Rubinstein Van Lines,"BLDG 62 STE 208, Brooklyn Navy Yard 11205",1,Transportation,Moving Company
Russ & Daughters,"BLDG 77 STE 102, Brooklyn Navy Yard 11205",7,Food & Beverage,"Specialty - Jewish Appetizing, Bagels and Lox, Retail, The Market @77, E-commerce Retail"
Rustik,"BLDG 77 STE 105, Brooklyn Navy Yard 11205",7,Food & Beverage,"Specialty - New American, Bar, The Market @77, Food Service Only"
"Ryba General Merchandising, Inc. aka Classic Men's",,0,,"Tenant evicted as of April 2024.

Industry: Manufacturers & Distributors, Sub Industry: Apparel & Accessory"
S T Express,"BLDG 500 STE ?, Brooklyn Navy Yard 11205",0,Transportation,Freight Carrier
S&G Fine Chair Collection,"BLDG 3 STE 302, Brooklyn Navy Yard 11205",1,Furniture & Home Goods,"Custom Finishing and Upholstery, Dining Room Chairs and Benches"
S3G Energy,"BLDG 77, STE 1302",1,Power & Energy,Solar energy systems & service (Corp. headquarters in AZ)
Sabor Restaurant & Bakery,"BLDG 77 STE 110B, Brooklyn Navy Yard 11205",1,Food & Beverage,"Specialty - Dominican, Lunch, The Market @77, Food Service Only, No Kitchen"
Salty Labs aka Jonsara Ruth Studio,"Former address: BLDG 5 STE 318, Brooklyn Navy Yard 11205",1,,"Sublease terminated in October 2024.

Industry: Services, Artists, & Designers, Sub Industry: Architecture & Design"
SAMAP USA,"BLDG 77 STE 1307A, Brooklyn Navy Yard 11205",1,,"Project Management, Technical and Logistic Consulting for Luxury Furniture Installations for Large Commercial/Retail Clients"
Sanxia Studio,"BLDG 120, STE 205",1,Fine Art & Photography,"Painting, Mixed Media"
Sarah Durham,"Former address: BLDG 5 STE 318, Brooklyn Navy Yard 11205",1,,"Termination notice in October 2024. 

Industry: Services, Artists, & Designers, Sub Industry: Fine Art & Photography"
Sarah Palmer,"BLDG 77, STE 1114",1,Fine Art & Photography,"Painting, Collage, Photography; Faculty at Parsons and SVA"
Sartorous,"BLDG 5, STE 312, Brooklyn Navy Yard",6,Apparel & Accessory,"Menswear Specialty Accessories, Suspenders, Garters, Gloves, Retail"
Satoshi Photography,"BLDG 3 STE 811, Brooklyn Navy Yard 11205",1,Fine Art & Photography,Photography
Saya Woolfalk Studio,"BLDG 212 STE 204, Brooklyn Navy Yard 11205",1,Fine Art & Photography,"Tech Art, Painting, Installation, High Profile"
SBT Solutions,"BLDG 77, STE 1101 A, Brooklyn Navy Yard",1,Architecture & Design,"Architecture, Engineering & Design"
Scenicorp,"Renewal for Building 51, Suite 101. Termination + Lease Renewal Notice: Scenic Corp. of New York - Building 292, Suites 102+103+106+107+110+201.

BLDG 51, 292 STE 101 (B51); 102, 103, 106, 107, 110, 201, Brooklyn Navy Yard 11205",22,Fabrication & Custom Installation (Wood & Metal),"Scenic Design & Fabrication, Film, TV, Events"
Schematic,"BLDG 5 STE 308, Brooklyn Navy Yard 11205",3,Fabrication & Custom Installation (Wood & Metal),"Woodworking, Cabinetry & Millwork"
Schivo Medical,,0,,Off The Yard - had a CNC training placement here.
Schwimmer & Meisels,"BLDG 3, 280 STE 102 (B3); 403 (B280), Brooklyn Navy Yard 11205",1,Other / Professional Services,"Warehousing, Mixed Merchandise"
Scott Jordan Furniture,"BLDG 280 STE 606, 607, 621, 622, Brooklyn Navy Yard 11205",2,Furniture & Home Goods,"Sofa Beds, Bed Frames, Custom Cabinetry"
Scully's Wonderful Stuff,"BLDG 131, STE 3t, 3z, Brooklyn Navy Yard",2,Beauty & Personal Care,"Deodorant, Sanitizer, Organic, E-commerce Retail"
Sean Michael Thomas,"BLDG 77, STE 1217",1,Fine Art & Photography,Photography/Videography Studio
Sebastian Kim aka AREA 1201,Brooklyn Navy Yard 11205,1,,"Lease naturally terminated in July 2024.

Industry: Services, Artists, & Designers, Sub Industry: Fine Art & Photography"
Sensofar,"BLDG 128, STE n/a Newlab",1,,"Industry: Manufacturers & Distributors, Sub Industry: Hardware, Software, & Design Engineering"
Servicio Ejecutivo,"BLDG 131, STE 3L",1,Fine Art & Photography,"Painting, Drawing, Collage, Object Work"
Seth Orion Schwaiger Studio,"BLDG 212 STE 303, Brooklyn Navy Yard 11205",2,Fine Art & Photography,"Installation, Sculpture"
Sets by Rudge & Tip Top Props,"BLDG 5, STE 206, 207, 208",3,Fabrication & Custom Installation (Wood & Metal),"Set Design, Construction, and Prop Rentals (Tip Top Props)"
Sexton Horani,"Former address: BLDG 77 STE 1130, Brooklyn Navy Yard 11205",1,,"Termination notice as of August 2024.

Industry: Services, Artists, & Designers, Sub Industry: Creative Office & Media"
Shared Studios,"BLDG 128, STE n/a Newlab",7,Creative Office & Media,"&Hardware, Software, & Design Engineering, Experience Design, Interactive"
Sharon Horvath,"BLDG 30 STE 203, Brooklyn Navy Yard 11205",3,Fine Art & Photography,Painting
Shattered Prism LLC,"BLDG 212 STE 304, Brooklyn Navy Yard 11205",2,Creative Office & Media,"Distributor, Rental, and Servicer of low-emissions (uses battery, not gas or diesel) portable power stations for film, events, disaster relief, and construction sites"
Sherman Abrams Laboratory,"BLDG 292, STE 322, 326, 333, 402, 408, 409, 410, 411, 412, 414, 416, 417",7,Healthcare,Clinical diagnostic laboratory services
Shewolf Bakery,"BLDG 77, STE 103",17,Food & Beverage,"Baked Goods, Retail, The Market @77"
Shimmy Technologies,"BLDG 128, STE n/a Newlab",0,"""Hardware, Software, & Design Engineering""","&Professional Services, &Apparel & Accessory, Workforce Development"
Shinkei Systems,"Former address: BLDG 77 STE 703, Brooklyn Navy Yard 11205",1,,"Lease termination in December 2024. 

Industry: Manufacturers & Distributors, Sub Industry: Hardware, Software, & Design Engineering"
Shmurda Inc (dba Mister Plug aka Mr. Plug NYC),"BLDG 77, STE 1119, Brooklyn Navy Yard",1,Apparel & Accessory,Selling and inventory for e-commerce business focused on collectible sneakers and streetwear
SIN aka Virgina Sin Enterprises,"BLDG 77 STE 1021, 1023, Brooklyn Navy Yard 11205",3,Furniture & Home Goods,"Ceramic and Clay Decor and Tableware, E-commerce Retail"
SinkCo,,1,"""Biotech, Lab, & Medtech""",
SITU Fabrication,"BLDG 77; 132 STE 508 (B77); 101 (B132), Brooklyn Navy Yard 11205",17,Fabrication & Custom Installation (Wood & Metal),"Architectural, Large-scale Fabrication, Design and Research Studio"
SJT Consultants LLC,"BLDG 77 STE 1029, Brooklyn Navy Yard 11205",1,Other / Professional Services,"E-Commerce Director, Buyer, and Production Manager, B2B and D2C sales consulting services, Textiles, Apparel, and Home Goods"
Skilset,"BLDG 5 STE 305, 307, Brooklyn Navy Yard 11205",1,Furniture & Home Goods,"Wood, Plaster Fixtures and Decor"
Skyline Environmental,"BLDG 292 STE 415, Brooklyn Navy Yard 11205",1,Contracting & Construction,Asbestos Testing and Abatement
Slight Breeze,,1,Fine Art & Photography,"A professional production and creative space serving as a hub for video and photo production, collaborative work and small workshops."
Smalls Electrical Construction,"BLDG 3 STE 1107, Brooklyn Navy Yard 11205",3,Contracting & Construction,Electrical Contracting
Smart Design,"BLDG 127 STE 302, Brooklyn Navy Yard 11205",10,Creative Office & Media,"Product Design, Industrial Design, 3D Printing, High quanitity of prototypes produced on-site"
SnoFox Sciences,"BLDG 128, STE n/a Newlab",2,"""Hardware, Software, & Design Engineering""",Software; Digital twin for cold storage
Solanta Corp,,1,Power & Energy,
SolarMelts,"BLDG 131 STE 210, Brooklyn Navy Yard 11205",1,"""Biotech, Lab, & Medtech""","Industry: Manufacturers & Distributors, Sub Industry: Biotech, Lab & Medtech"
SOUR,"BLDG 280 STE 504, Brooklyn Navy Yard 11205",4,Architecture & Design,"Architectural & Urban Design Research and Process Innovation, Product Development, Sustainability, Satellite office of global firm"
SQBW aka Sebastian Quinn Building Workshop,"BLDG 58, STE 3B, Brooklyn Navy Yard",2,Architecture & Design,"Architect, Residential, Commercial, Cultural Sites"
Square Roots,,1,"""Biotech, Lab, & Medtech""","Our flexible, modular  indoor farming platform is built to help innovators unleash high-impact solutions to secure the future of food and beyond."
Stanton Nichols Manufacturing,"BLDG 3 STE 1108, Brooklyn Navy Yard 11205",1,Furniture & Home Goods,Woodworking
Stefan Beckman Studio,"BLDG 212, STE 503",5,Fabrication & Custom Installation (Wood & Metal),"Set, Exhibit, and Installation Design and Fabrication installation; assembly and fulfillment for their home goods line"
Stefan Sagmeister,"BLDG 52, Brooklyn Navy Yard, Brooklyn 11205",1,Fine Art & Photography,"Artist, Designer, Mixed Media, High Profile"
Steiner Studios,"BLDG Steiner Studios, 15 Washington Avenue, STE Stage 6, 2nd Floor",6,,Industry:  film studio
Steph Mantis,"BLDG 5 STE 203, Brooklyn Navy Yard 11205",1,Furniture & Home Goods,"Specialty Themed Small Goods, Pizza Art, Microscope Art, E-commerce Retail"
Stick With Me Sweets,"BLDG 303 STE 704, Brooklyn Navy Yard 11205",8,Food & Beverage,"Confectionary, Chocolate, E-commerce Retail"
Stiegelbauer Associates Inc.,"BLDG 280 STE 50, Brooklyn Navy Yard 11205",3,Fabrication & Custom Installation (Wood & Metal),Scenic Fabrication
Stillleben,"BLDG 77 STE 1305, 1328, Brooklyn Navy Yard 11205",1,,"Industry: Services, Artists, & Designers, Sub Industry: Fine Art & Photography"
Stitch NYC,"BLDG 3 STE 1003, 1005, Brooklyn Navy Yard 11205",2,Furniture & Home Goods,Custom Finishing and Upholstery
Stitchroom,"BLDG 303 STE 705, Brooklyn Navy Yard 11205",3,Furniture & Home Goods,Custom Finishing and Upholstery
Stock Vintage,"BLDG 5, STE 201, Brooklyn Navy Yard",1,Apparel & Accessory,"Menswear, Vintage & Antique"
StrongArm Tech,"BLDG 128 STE ?, Brooklyn Navy Yard 11205",0,,"Industry: Manufacturers & Distributors, Sub Industry: Hardware, Software, & Design Engineering"
Studio A + H aka 3XN and Altwicker Holm Studio,"BLDG 77, STE 1207, Brooklyn Navy Yard",33,Architecture & Design,"Architect, Sustainability; Satellite office of global company"
Studio Furnis,,1,Fabrication & Custom Installation (Wood & Metal),Furniture manufacturer
Studio Hansraj,"BLDG 62, 280 STE 301; 604, Brooklyn Navy Yard 11205",2,Creative Office & Media,"Production & Set Design, Art Design, Commercial, Film and TV, Fashion"
Studio HBK,"BLDG 131, STE 3Q",1,,"No information in JT tracker, only from SF. Not sure if active or former tenant."
Studio Wé,,1,,
Sunset Park Woodworkers,"BLDG 6, STE 501",1,Fabrication & Custom Installation (Wood & Metal),"Woodworking, Cabinetry, Millwork"
Supermouse Studio,"Former address: BLDG 77 STE 1019, Brooklyn Navy Yard 11205",1,,"Sub-lease termination in November 2024.

Industry: Manufacturers & Distributors, Sub Industry: Furniture & Homegoods"
Supreme akak CHAPTER 4 CORP.,"BLDG 3, STE 103A, 501, Brooklyn Navy Yard",5,Apparel & Accessory,"Menswear, Streetwear, E-commerce Retail"
Susan Rabinowitz & Mark Giglio,"BLDG 30 STE 204, Brooklyn Navy Yard 11205",1,,"Industry: Services, Artists, & Designers, Sub Industry: Fine Art & Photography"
Synchron,"BLDG 303, STE 501, 505, Brooklyn Navy Yard",4,"""Biotech, Lab, & Medtech""","Neurological Interface Nanodevices, Life Sciences"
Systech,"BLDG 303 STE 703, Brooklyn Navy Yard 11205",8,Other / Professional Services,"IT Services Consultant, Cybersecurity, Cloud solutions, Business process Automation"
T World Inc,"BLDG 77 STE 1226, Brooklyn Navy Yard 11205",1,Transportation,Cargo Hauling
T. Donnelly,"BLDG 77 STE 1215, Brooklyn Navy Yard 11205",1,Fine Art & Photography,"Sculpture, High Profile"
Tarform,"BLDG 303 STE 801, Brooklyn Navy Yard 11205",0,Power & Energy,"E-Bikes, Motorcycles, Sustainable"
Tart Vinegar aka Whatever Mom,"BLDG 77 STE 1218, Brooklyn Navy Yard 11205",2,Food & Beverage,"Specialty Vinegar, E-commerce Retail"
Tatiana Arocha,"BLDG 131 STE 3L, Brooklyn Navy Yard 11205",0,,"Industry: Services, Artists, & Designers, Sub Industry: Fine Art & Photography"
TCS Technological Cinevideo Services,"BLDG 77 STE 901, Brooklyn Navy Yard 11205",6,Creative Office & Media,"Equipment Rental for Film, TV, Events"
Te Company aka Te Parlor,"BLDG 303 STE 602, Brooklyn Navy Yard 11205",1,Food & Beverage,"Specialty Tea, Tea Sets, Retail, E-commerce Retail"
Teknikio,"BLDG 128, STE n/a Newlab",1,"""Hardware, Software, & Design Engineering""","Edtech, Toys"
Ten Ton Studio,"BLDG 280 STE 819, Brooklyn Navy Yard 11205",0,,"Industry: Services, Artists, & Designers, Sub Industry: Fine Art & Photography"
Terrament,"BLDG 128, STE n/a Newlab",1,Power & Energy,Underground battery storage; Sustainability
Terreform ONE,"BLDG 212 STE 201, Brooklyn Navy Yard 11205",5,Education & Nonprofit,"501c3; Art, Architecture, and Urban Design research group, Sustainability"
Thalo Labs,"BLDG 77 STE 408, Brooklyn Navy Yard 11205",4,,"Industry: Manufacturers & Distributors, Sub Industry: Power & Energy"
The Black Cake Company,"BLDG 77 STE 110A, Brooklyn Navy Yard 11205",1,,"Industry: Manufacturers & Distributors, Sub Industry: Food & Bev Production"
The Closet Maven,"BLDG 292, STE 321",1,Fabrication & Custom Installation (Wood & Metal),Closet & Cabinet Manufacturing
The Factory,723 Kent Ave Brooklyn,1,,"We specialize in photography sets, event fabrication, custom props, scenic painting, carpentry, and remodeled interiors. The 7000 square foot workshop located in Williamsburg, Brooklyn, is well equipped to excel in everything from woodworking, CNC, welding, to mold making and sprayed plastics. Founded by artists and staffed with skilled craftsmen, the Factory excels in solving your creative demands. We take pride in building smarter, using superior materials, and focusing on details in order to give you the perfect product.

https://www.linkedin.com/company/the-factory-nyc/"
The Food Sermon,,0,,
The Hedda Sterne Foundation,"BLDG 77 STE 1106, Brooklyn Navy Yard 11205",2,Fine Art & Photography,"Artist Rep, Foundation"
The Pickle Guys ,,2,Food & Beverage,Making pickled goods
The Sealab,,1,Furniture & Home Goods,"Interior millwork, cabinets and furniture"
The Sodium Ranch,"BLDG 3 STE 314, Brooklyn Navy Yard 11205",3,Creative Office & Media,"Production Equipment Rental, Grip & Electric, Lighting, Lighting Design Services"
Thea Energy,,1,Power & Energy,
Thermoverse,,1,,
Thrya Heder - Sublease,"BLDG , STE ",0,,
Thyra Heder,"BLDG 62 STE 303, Brooklyn Navy Yard 11205",2,Fine Art & Photography,"Illustration, Painting, Childrens Books"
Tidbyt,"BLDG 72, STE 8",2,,"No information in JT tracker or in SF. Not sure if active, former, any details."
Ting Yih,"BLDG 120 STE 205, Brooklyn Navy Yard 11205",0,,"Industry: Services, Artists, & Designers, Sub Industry: Fine Art & Photography"
Tinygiant,"BLDG 275 STE 304, Brooklyn Navy Yard 11205",2,Creative Office & Media,"Creative Production Company, Commercial, Film and TV"
Todd Bracher Studio aka Betterlab,"BLDG 275, STE 403, Brooklyn Navy Yard",1,Architecture & Design,Industrial and Product Design for Technologists and Scientists
Tom Edmonds,"BLDG 3 STE 1108, 1009, Brooklyn Navy Yard 11205",1,Furniture & Home Goods,Wood Furniture and Decor
TomTex,"BLDG 303, STE 803, Brooklyn Navy Yard",7,"""Biotech, Lab, & Medtech""","Biodegradable Leather Alternative from Seafood Waste, Materials Innovation, Sustainability, Life Sciences"
Tonic Group,"BLDG 77 STE 1208, Brooklyn Navy Yard 11205",2,Creative Office & Media,"Marketing Agency, Graphic Design, Brand Development, Package Desing, Art Direction, Photography, Short Content Creator, Commercial"
Townsend Studio D/B/A Midden Projects,"BLDG 3, STE 1012, Brooklyn Navy Yard",1,Architecture & Design,Furniture Design Studio
Tracey Tanner,"BLDG 3 STE 314, Brooklyn Navy Yard 11205",1,,"Industry: Manufacturers & Distributors, Sub Industry: Furniture & Homegoods"
Transmitter Brewing,"BLDG 77 STE 104, Brooklyn Navy Yard 11205",2,Food & Beverage,"Beer, Brewery, Retail, The Market @77"
Transparent Logistics aka Transparent International,"BLDG 77 STE 1007, Brooklyn Navy Yard 11205",1,Transportation,"Moving, Logistics, and Shipping Services"
Trendy Accessories Manufacturing,"BLDG 3, STE 606, Brooklyn Navy Yard, Brooklyn 11205",2,Apparel & Accessory,"Handbags, Belts, Dog leashes, Wallets, B2B for Fashion Industry"
Tribeca Companies aka Senneca Diagnostics,"BLDG 77 STE 1324, Brooklyn Navy Yard 11205",1,Other / Professional Services,"Investment Advisor, Real Estate and Equity Specialty"
Triple J Bedding aka Ruckel Mfg. Co.,"BLDG 3 STE 705, Brooklyn Navy Yard 11205",1,Furniture & Home Goods,Institutional bedding manufacturer and wholesale distributor
Truebird,,0,,
Tunji Dada,"BLDG 280, STE 415, Brooklyn Navy Yard",1,Apparel & Accessory,Trenchcoats
Turner Construction,,1,,
Turnover Labs,,1,"""Biotech, Lab, & Medtech""","Cheaper, on-site synthesis of carbon-neutral chemical feeds"
Turnstile Tours,"BLDG 131 STE 3F, Brooklyn Navy Yard 11205",2,Other / Professional Services,"Tours, B Corp"
Turntable Lab,"BLDG 3 STE 806A, 807, 810, Brooklyn Navy Yard 11205",3,Furniture & Home Goods,"Records, Audio Equipment, Record and Audio Storage Equipment, E-commerce Retail"
Twelve Point aka Bill Malchow,"BLDG 77 STE 1045, Brooklyn Navy Yard 11205",1,Other / Professional Services,"Jazz Musicican, Pianist and Vocalist, Available for Bookings (with the Bill Malchow Trio) "
Twenty04,"BLDG 77, STE 1123",1,,
Twoseven Inc,"221 McKIBBIN STREET   
BROOKLYN, NY
",4,,
Tyler Matson aka Project 3113,"BLDG 77, STE 1308",1,Fine Art & Photography,"Photography, Commercial, Product Photography, Fashion"
UBR Studio,"BLDG 77, STE 1306",3,Furniture & Home Goods,Architectural Home Objects
Ultra Literary LLC,,2,,
UMR Channels Group aka Build Up Purpose,"BLDG 77 STE 1128, Brooklyn Navy Yard 11205",1,Creative Office & Media,"Creative Production Company, Content Programming and Distribution"
Uncool Artist aka Voxmojo LLC,"BLDG 77, STE 1324B",1,Fine Art & Photography,"Software Platform, Artist Collective"
Underground Signs,"BLDG 131 STE 3U, Brooklyn Navy Yard 11205",0,,"Industry: Services, Artists, & Designers, Sub Industry: Printing & Engraving"
Uppeal LLC,,1,Furniture & Home Goods,"Prototyping, production and fulfillment of adjustable height desks"
Urban Homecraft,"BLDG 275 STE 409, Brooklyn Navy Yard 11205",3,Fabrication & Custom Installation (Wood & Metal),"Woodworking, Millwork, Cabinetry"
URBAN-X,"BLDG 128, STE n/a Newlab",1,,"Industry: Services, Artists, & Designers, Sub Industry: Other (Mostly Professional Services)"
Urbanstrong,"BLDG 212, STE 305, Brooklyn Navy Yard",3,Architecture & Design,"Green Rooftop Design, Solar integration, Living walls, Sustainability, High quantity of living wall protoyping on-site"
Vandon Owen Marshall aka VOM Carpentry,,1,Fabrication & Custom Installation (Wood & Metal),Woodworker
Vecna Robotics,"BLDG 128, STE n/a Newlab",1,"""Hardware, Software, & Design Engineering""",Dark Warehouse Robotics
Vela Bikes,"BLDG 128, STE n/a Newlab",1,Power & Energy,"E-Bikes, Sustainable"
Velvet Caviar,"BLDG 77, STE 706, Brooklyn Navy Yard",3,Apparel & Accessory,"Phone Cases, +Design, E-commerce Retail"
Vertical Visuals,"BLDG 131, STE 3W",1,Creative Office & Media,"Aerial and ground photography, video equipment rental"
Video Guy,"BLDG 303 STE 707, Brooklyn Navy Yard 11205",1,Fabrication & Custom Installation (Wood & Metal),On-Set Production Services - Video Assist and Playback; Training (Local 52 members)
vintageloftny,"BLDG 280 STE 411, Brooklyn Navy Yard 11205",1,,"Industry: Services, Artists, & Designers, Sub Industry: Apparel & Accessory"
Viventium Software,"BLDG 212 STE 202, Brooklyn Navy Yard 11205",2,"""Hardware, Software, & Design Engineering""",Payroll and HR Software for Health Services
Voltaic Systems,"BLDG 128, STE n/a Newlab",9,Power & Energy,"Solar Panels and Battery Packs, Sustainable"
Voltpost,"BLDG , STE ",1,Power & Energy,Lampost EV Charging platform
Volumes,,1,"""Hardware, Software, & Design Engineering""",
VS+Company aka Vanessa Stevens and Co.,"BLDG 77 STE 1208, Brooklyn Navy Yard 11205",1,Creative Office & Media,"Artist Rep, Photography Printing and Post Production"
VUW,"BLDG 77, STE 1318, Brooklyn Navy Yard",1,Architecture & Design,"Experience Design, Architect, Commercial, Residential, High-Profile"
Vycarb,"BLDG 128, STE n/a Newlab",1,"""Hardware, Software, & Design Engineering""","Carbon capture for water: drop-in water treatment system to measure water carbon cycle, detect excess CO2, and ""dose"" water to allow it store CO2 "
W N Z NY,"BLDG 3, STE 1114, Brooklyn Navy Yard",1,Apparel & Accessory,"Purchase, storage and resale of apparels; printing; embroidery"
Ware of the Dog,"BLDG 3 STE 314, Brooklyn Navy Yard 11205",1,,"Industry: Services, Artists, & Designers, Sub Industry: Apparel & Accessory"
Wavelength Productions,"BLDG 212 STE 501, 502, Brooklyn Navy Yard 11205",12,Creative Office & Media,"Creative Production Company, Film, Commercial, Documentary, High Profile - Jennifer Westphal "
Waverly Labs,"BLDG 128, STE n/a Newlab",1,"""Hardware, Software, & Design Engineering""",&Professional Services; Translation Software/App
Waxwing Studio,"BLDG 5 STE 501, Brooklyn Navy Yard 11205",1,Furniture & Home Goods,"Woodworking, Freestanding Furniture"
Wayout Studio,"BLDG 77 STE 1116, Brooklyn Navy Yard 11205",2,Fine Art & Photography,"Set design, artist, fabricator"
We are A Studio,"BLDG 77, STE 1220 C",1,Creative Office & Media,"Creative Director, Branding, Product Design, Package Design"
Wegmans,,9,Food & Beverage,
WeWork,,2,,
Wherewithal Et Al ,"BLDG 77 STE 606, Brooklyn Navy Yard 11205",0,,"Industry: Services, Artists, & Designers, Sub Industry: Creative Office & Media"
Whitney Wood Bailey,"BLDG 212 STE 405, Brooklyn Navy Yard 11205",1,Fine Art & Photography,Painting
William Falk Wallace,"BLDG 77 STE 1018, Brooklyn Navy Yard 11205",1,,"Industry: Manufacturers & Distributors, Sub Industry: Fabrication & Custom Installation (Wood & Metal)"
Woodley Equipment Company,"BLDG 212 STE 209, Brooklyn Navy Yard 11205",9,Healthcare,"Supplier and Servicer of Medical, Lab Diagnostics, and Veterinary Equipment"
Woodside Press aka Bower Publishing Company,"BLDG 3 STE 1008, Brooklyn Navy Yard 11205",1,Printing & Engraving,"Executed seccond surrender agreement extension in May 2024.

Industry: Services, Artists, & Designers, Sub Industry: Printing & Engraving"
Work at Hand,"BLDG 77 STE 1014, Brooklyn Navy Yard 11205",1,Furniture & Home Goods,"Wood Furniture, Decor, E-commerce Retail"
Yael Ben-Simon,"BLDG 280 STE 610, Brooklyn Navy Yard 11205",1,Fine Art & Photography,"Sculpture, Mixed Media"
Yank Technologies,"BLDG 128, STE 110, Brooklyn Navy Yard, Brooklyn 11205",5,"""Hardware, Software, & Design Engineering""",No information in JT tracker. Information sourced from SF. 
Yello Studio NYC LCC,"BLDG 212, STE 302",1,Creative Office & Media,"Production Studio Rental, Equipment Rental"
Yes I Sew Fashion LLC,,1,,
YesYesNo,"BLDG 77 STE 1202, Brooklyn Navy Yard 11205",5,"""Hardware, Software, & Design Engineering""","Experience Design, Interactive, Robotics, Sculpture, Commercial, AR, VR"
York Industries,,1,,
ZAK Kitnick,"BLDG 5 STE 313, 314, Brooklyn Navy Yard 11205",6,Fine Art & Photography,"Object Work, Photography, Sculpture, Painting, Video Art"
Zeph Colombatto Photography,"BLDG 280 STE 801, Brooklyn Navy Yard 11205",1,Fine Art & Photography,"Photography, Commercial Art, Product Photography, Fashion"
Zero + Maria Cornejo,"BLDG 280, STE 321, 410C, Brooklyn Navy Yard",1,Apparel & Accessory,Fashion design and archives
Ziptech Office Solutions,"BLDG 131 STE 209, Brooklyn Navy Yard 11205",1,Furniture & Home Goods,Office Supplies
Zoe Leonard Studio ,"BLDG 280, STE 616",1,Fine Art & Photography,Photography
Zound Pro aka ZEA Lighting Strategies,"BLDG 77, STE 405, Brooklyn Navy Yard",2,Architecture & Design,"Lighting Design and Installation, Some Interior Design Services"